objectname,objectid,rating,numplays,weight,own,fortrade,want,wanttobuy,wanttoplay,prevowned,preordered,wishlist,wishlistpriority,wishlistcomment,comment,conditiontext,haspartslist,wantpartslist,collid,baverage,average,avgweight,rank,numowned,objecttype,originalname,minplayers,maxplayers,playingtime,maxplaytime,minplaytime,yearpublished,bggrecplayers,bggbestplayers,bggrecagerange,bgglanguagedependence,publisherid,imageid,year,language,other,itemtype,barcode,pricepaid,pp_currency,currvalue,cv_currency,acquisitiondate,acquiredfrom,quantity,privatecomment,invlocation,invdate,version_publishers,version_languages,version_yearpublished,version_nickname
"¡Pingüinos!","8203","7.5","13","0","1","0","0","0","0","0","0","0","3","","Losetas","","","","93247940","6.57125","6.69891","1.4447","1162","30475","thing","Hey, That's My Fish!","2","4","20","20","20","2015","2,3,4","3","6+","No necessary in-game text","","","","","","standalone","","","","","","","","","","","","Edge Entertainment","Spanish","2015","Edge Spanish edition 2015"
"1714: The Case of the Catalans","146228","0","0","0","1","0","0","0","0","0","0","0","3","","Card-driven","","","","84537882","5.67669","6.83288","2.7826","6883","539","thing","1714: The Case of the Catalans","2","5","120","120","120","2014","3,4,5","5","12+","Some necessary text - easily memorized or small crib sheet","","","","","","standalone","","","","","","","","","","","","","","",""
"1923 Cotton Club","340790","8","3","0","1","0","0","0","0","0","0","0","3","","Col·locació treballadors","","","","84388826","6.0336","7.4268","2.129","3021","2212","thing","1923 Cotton Club","2","4","60","60","45","2021","2,3,4","3","8+","No necessary in-game text","","","","","","standalone","","","","","","","","","","","","","","",""
"1998 ISS","367280","7.5","4","3","1","0","0","0","0","0","0","0","3","","Selecció accions","","","","95998792","5.86445","7.30142","2.8889","4189","1794","thing","1998 ISS","1","4","90","90","60","2022","1,2,3,4","3","10+","No necessary in-game text","","","","","","standalone","","","","","","","","","","","","","","",""
"30 Monedas","327793","0","0","0","1","0","0","0","0","0","0","0","3","","Gestió de mà","","","","136728390","5.65078","7.48634","3.08","7533","508","thing","30 Monedas","1","2","30","30","30","2021","1,2","1","","Some necessary text - easily memorized or small crib sheet","","","","","","standalone","","","","","","","","","","","","","","",""
"7 Wonders Duel","173346","8","7","0","1","0","0","0","0","0","0","0","3","","Draft públic","","","","75939949","7.95055","8.07538","2.2272","24","186169","thing","7 Wonders Duel","2","2","30","30","30","2015","2","2","10+","No necessary in-game text","","","","","","standalone","","","","","","","","","","","","","","",""
"7 Wonders Duel: Pantheon","202976","8.5","0","0","1","0","0","0","0","0","0","0","3","","Draft públic","","","","75939966","7.62357","7.99511","2.309","0","51679","thing","7 Wonders Duel: Pantheon","2","2","30","30","30","2016","2","2","10+","No necessary in-game text","","","","","","expansion","","","","","","","","","","","","","","",""
"7 Wonders Duel: Solo","310215","0","0","0","1","0","0","0","0","0","0","0","3","","Draft públic","","","","121318046","5.90611","7.66925","2.25","0","1750","thing","7 Wonders Duel: Solo","1","1","15","15","15","2020","1","1","10+","No necessary in-game text","","","","","","expansion","","","","","","","","","","","","","","",""
"Ace of Spades","429861","0","5","0","1","0","0","0","0","0","0","0","3","","","","","","145867853","6.10623","7.48954","2.1538","2644","3006","thing","Ace of Spades","1","2","45","45","40","2025","1,2","1","10+","Moderate in-game text - needs crib sheet or paste ups","","","","","","standalone","","","","","","","","","","","","","","",""
"Acquire","5","8.5","3","0","1","0","0","0","0","0","0","0","3","","Econòmic","","","","93721636","7.12851","7.35653","2.4877","367","30470","thing","Acquire","2","6","90","90","90","1963","3,4,5,6","4","12+","No necessary in-game text","","","","","","standalone","","","","","","","","","","","","","","",""
"After the Virus","232361","9","20","0","1","0","0","0","0","0","0","0","3","","Deck-building","","","","102114336","6.38203","7.30427","2.3086","1644","5271","thing","After the Virus","1","3","90","90","30","2017","1,2","1","10+","Extensive use of text - massive conversion needed to be playable","","","","","","standalone","","","","","","","","","","","","","","",""
"After the Virus: The Long Cold","371562","0","0","0","1","0","0","0","0","0","0","0","3","","Deck-building","","","","102114349","5.66463","7.67697","2.6667","0","1558","thing","After the Virus: The Long Cold","1","3","60","60","20","2022","1,2","1","10+","","","","","","","expansion","","","","","","","","","","","","","","",""
"Agropolis","314088","8.5","7","0","1","0","0","0","0","0","0","0","3","","Losetas","","","","92128803","6.44906","7.2379","1.7632","1457","9333","thing","Agropolis","1","4","20","20","15","2021","1,2","1","8+","Some necessary text - easily memorized or small crib sheet","","","","","","standalone","","","","","","","","","","","","","","",""
"Akrotiri","154458","8","1","0","1","0","0","0","0","0","0","0","3","","pick-up and deliver","","","","84349452","6.59989","7.14888","2.6382","1107","8271","thing","Akrotiri","2","2","45","45","45","2014","2","2","12+","No necessary in-game text","","","","","","standalone","","","","","","","","","","","","","","",""
"Aqualin","295948","0","0","0","1","0","0","0","0","0","0","0","3","","Pseudo-Abstracte","","","","119554481","6.155","6.9408","1.5161","2420","4446","thing","Aqualin","2","2","20","20","20","2020","2","2","8+","No necessary in-game text","","","","","","standalone","","","","","","","","","","","","","","",""
"Arcs","359871","9","8","4","1","0","0","0","0","0","0","0","3","","Control àrees","","","","104806607","7.59611","7.9955","3.4429","100","30676","thing","Arcs","2","4","120","120","60","2024","2,3,4","3,4","14+","Extensive use of text - massive conversion needed to be playable","","","","","","standalone","","","","","","","","","","","","","","",""
"Arcs: Leaders & Lore Pack","419279","0","0","0","1","0","0","0","0","0","0","0","3","","Control àrees","","","","134576967","6.6794","8.55438","3.2632","0","10975","thing","Arcs: Leaders & Lore Pack","2","4","120","120","60","2024","2,3,4","3","14+","Extensive use of text - massive conversion needed to be playable","","","","","","expansion","","","","","","","","","","","","","","",""
"Ark Nova","342942","9.5","10","4","1","0","0","0","0","0","0","0","3","","Construcció de motor","","","","89006276","8.35368","8.5389","3.7977","2","90658","thing","Ark Nova","1","4","150","150","90","2021","1,2,3","2","14+","Extensive use of text - massive conversion needed to be playable","","","","","","standalone","","","","","","","","","","","","","","",""
"Ark Nova: Marine Worlds","368966","0","0","0","1","0","0","0","0","0","0","0","3","","Construcció de motor","","","","117426089","8.04854","8.91458","3.8621","0","28281","thing","Ark Nova: Marine Worlds","1","4","150","150","90","2023","1,2,3,4","2","14+","Extensive use of text - massive conversion needed to be playable","","","","","","expansion","","","","","","","","","","","","","","",""
"At the Office","396649","0","0","0","1","0","0","0","0","0","0","0","3","","Roll and write","","","","124349777","5.56361","6.35658","1.125","11959","385","thing","At the Office","2","4","30","30","20","2023","2,3,4","4","8+","No necessary in-game text","","","","","","standalone","","","","","","","","","","","","","","",""
"Azul","230802","8","8","0","1","0","0","0","0","0","0","0","3","","Draft públic","","","","98880834","7.60349","7.71281","1.7719","99","186922","thing","Azul","2","4","45","45","30","2017","2,3,4","2","8+","No necessary in-game text","","","","","","standalone","","","","","","","","","","","","","","",""
"Balloon Cup","5716","0","0","0","1","0","0","0","0","0","0","0","3","","Tug-of-war","","","","112018419","6.34097","6.68011","1.46","1745","6586","thing","Balloon Cup","2","2","30","30","30","2003","2","2","8+","No necessary in-game text","","","","","","standalone","","","","","","","","","","","","","","",""
"BANG! The Bullet!","30933","6.5","0","0","1","0","0","0","0","0","0","0","3","","Gestió de mà","","","","75939792","6.53301","6.91955","1.8458","0","17477","thing","BANG! The Bullet!","3","8","40","40","20","2007","4,5,6,7,8","6,7","8+","Moderate in-game text - needs crib sheet or paste ups","","","","","","standalone","","","","","","","","","","","","","","",""
"Battle Line","760","0","0","0","1","0","0","0","0","0","0","0","3","","Tug-of-war","","","","113454454","7.1677","7.41307","1.8882","332","22626","thing","Battle Line","2","2","30","30","30","2000","2","2","8+","Some necessary text - easily memorized or small crib sheet","","","","","","standalone","","","","","","","","","","","","","","",""
"The Battle of Five Armies","135219","0","0","0","1","0","0","0","0","0","0","0","3","","Pseudo-wargame","","","","87463808","6.7803","7.82411","3.6037","788","7695","thing","The Battle of Five Armies","2","2","240","240","90","2014","2","2","12+","Extensive use of text - massive conversion needed to be playable","","","","","","standalone","","","","","","","","","","","","","","",""
"The Battle of Versailles","379959","9","8","0","1","0","0","0","0","0","0","0","3","","Tug-of-war","","","","103309939","5.87693","7.36033","2.625","4086","1591","thing","The Battle of Versailles","2","2","45","45","30","2024","2","2","14+","Moderate in-game text - needs crib sheet or paste ups","","","","","","standalone","","","","","","","","","","","","","","",""
"Big Shot","1125","9","3","0","1","0","0","0","0","0","0","0","3","","Subhastes","","","","107708060","6.06693","7.03859","2","2850","2227","thing","Big Shot","2","4","30","30","30","2001","2,3,4","3,4","10+","No necessary in-game text","","","","","","standalone","","","","","","","","","","","","Ravensburger AG","Dutch; English; French; German; Italian","2001","Multilingual edition"
"Biosphere","237251","0","0","0","1","0","0","0","0","0","0","0","3","","","","","","84349520","5.78146","7.30947","3.5238","5056","438","thing","Biosphere","2","6","90","90","30","2017","2,3,4,5","4","12+","Some necessary text - easily memorized or small crib sheet","","","","","","standalone","","","","","","","","","","","","","","",""
"Bitoku","323612","8.5","6","0","1","0","0","0","0","0","0","0","3","","Col·locació de daus","","","","114630816","7.19894","7.77025","3.7596","308","15676","thing","Bitoku","1","4","120","120","120","2021","1,2,3,4","3","12+","No necessary in-game text","","","","","","standalone","","","","","","","","","","","","","","",""
"Bitoku: Resutoran","383122","0","0","0","1","0","0","0","0","0","0","0","3","","Col·locació de daus","","","","116400835","5.85126","7.99499","3.5556","0","3199","thing","Bitoku: Resutoran","1","4","120","120","120","2023","2,3,4","2,3,4","","Extensive use of text - massive conversion needed to be playable","","","","","","expansion","","","","","","","","","","","","","","",""
"Boletaires","122298","0","7","0","1","0","0","0","0","0","0","0","3","","Gestió de mà","","","","126964820","6.64451","6.96615","1.7366","1018","19555","thing","Morels","2","2","30","30","30","2014","2","2","10+","No necessary in-game text","","","","","","standalone","","","","","","","","","","","","HomoLudicus","Catalan","2014","Catalan edition 2014"
"Bora Bora","127060","9.5","4","0","1","0","0","0","0","0","0","0","2","","Col·locació de daus","","","","76584972","7.16677","7.5552","3.7241","333","13133","thing","Bora Bora","2","4","120","120","60","2013","2,3,4","4","14+","No necessary in-game text","","","","","","standalone","","","","","","","","","","","","","","",""
"Bora Bora: Orange God Tiles","149712","0","0","0","1","0","0","0","0","0","0","0","3","","Col·locació de daus","","","","122531547","5.75292","7.42704","2.3889","0","1408","thing","Bora Bora: Orange God Tiles","2","4","60","60","60","2013","2,3,4","4","12+","No necessary in-game text","","","","","","expansion","","","","","","","","","","","","","","",""
"Broom Service","172308","7.5","1","0","1","0","0","0","0","0","0","0","3","","Selecció accions (Seguir)","","","","135616633","6.86507","7.17481","2.3853","667","18009","thing","Broom Service","2","5","75","75","30","2015","2,3,4,5","4","10+","Some necessary text - easily memorized or small crib sheet","","","","","","standalone","","","","","","","","","","","","","","",""
"Bruxelles 1893","144592","8.5","3","0","1","0","0","0","0","0","0","0","3","","Col·locació treballadors","","","","118686440","6.97291","7.58656","3.5836","537","6565","thing","Bruxelles 1893","2","5","125","125","50","2013","2,3,4,5","4","14+","No necessary in-game text","","","","","","standalone","","","","","","","","","","","","","","",""
"CABO (Second Edition)","271321","8","8","0","1","0","0","0","0","0","0","0","3","","Gestió de mà","","","","95288971","6.34882","7.29953","1.22","1721","5119","thing","CABO (Second Edition)","2","4","45","45","45","2019","2,3,4","3,4","8+","Some necessary text - easily memorized or small crib sheet","","","","","","standalone","","","","","","","","","","","","","","",""
"¡Caninos!","301544","0","0","0","1","0","0","0","0","0","0","0","3","","","","","","88539703","0","6.25","2","0","119","thing","¡Caninos!","2","6","40","40","20","2021","","","","","","","","","","standalone","","","","","","","","","","","","","","",""
"Captain Tsubasa: The Card Game","421232","7.5","3","0","1","0","0","0","0","0","0","0","3","","","","","","145076820","5.67094","6.99376","1.7692","7017","671","thing","Captain Tsubasa: The Card Game","2","2","40","40","25","2024","2","2","8+","Moderate in-game text - needs crib sheet or paste ups","","","","","","standalone","","","","","","","","","","","","","","",""
"Carcassonne","822","9.5","6","0","1","0","0","0","0","0","0","0","3","","Losetas","","","","75940583","7.29927","7.41678","1.8844","240","225709","thing","Carcassonne","2","5","45","45","30","2000","2,3,4,5","2","8+","No necessary in-game text","","","","","","standalone","","","","","","","","","","","","Devir; Hans im Glück","Portuguese; Spanish","2000","Portuguese/Spanish edition 2000"
"Carcassonne","822","0","6","0","1","0","0","0","0","0","0","0","3","","Losetas","","","","121588298","7.29927","7.41678","1.8844","240","225709","thing","Carcassonne","2","5","45","45","30","2000","2,3,4,5","2","8+","No necessary in-game text","","","","","","standalone","","","","","","","","","","","","","","",""
"Carcassonne: Hunters and Gatherers","4390","8","2","0","1","0","0","0","0","0","0","0","3","","Losetas","","","","95493388","6.84747","7.13044","1.9221","694","19558","thing","Carcassonne: Hunters and Gatherers","2","5","40","40","35","2002","2,3,4,5","2,3","8+","No necessary in-game text","","","","","","standalone","","","","","","","","","","","","","","",""
"Carcassonne: The Castle","7717","0","3","0","1","0","0","0","0","0","0","0","3","","Losetas","","","","128670092","6.7323","7.10672","1.9865","864","13596","thing","Carcassonne: The Castle","2","2","45","45","30","2003","2","2","8+","No necessary in-game text","","","","","","standalone","","","","","","","","","","","","","","",""
"Carpe Diem","245934","8.5","3","0","1","0","0","0","0","0","0","0","3","","Losetas","","","","84864935","7.04589","7.48764","2.5387","456","14160","thing","Carpe Diem","2","4","75","75","45","2018","2,3,4","3","10+","No necessary in-game text","","","","","","standalone","","","","","","","","","","","","","","",""
"Cartaventura: Vinland","327077","6","1","0","1","0","0","0","0","0","0","0","3","","","","","","88530337","5.73107","6.22696","1.14","5796","3966","thing","Cartaventura: Vinland","1","6","45","45","45","2021","1,2","1","10+","Extensive use of text - massive conversion needed to be playable","","","","","","standalone","","","","","","","","","","","","","","",""
"Castell","238638","0","4","0","1","0","0","0","0","0","0","0","3","","Selecció accions","","","","137133102","6.40014","7.36684","3.1458","1599","2930","thing","Castell","2","4","90","90","60","2018","2,3,4","3","12+","No necessary in-game text","","","","","","standalone","","","","","","","","","","","","","","",""
"The Castles of Burgundy","271320","9.5","5","0","1","0","0","0","0","0","0","0","3","","Col·locació daus","","","","75940171","8.01403","8.45307","2.9137","0","31213","thing","The Castles of Burgundy","1","4","120","120","70","2019","1,2,3,4","2","12+","No necessary in-game text","","","","","","standalone","","","","","","","","","","","","","","",""
"Cat in the Box: Deluxe Edition","345972","9","2","0","1","0","0","0","0","0","0","0","3","","Basses","","","","114504669","7.1146","7.42808","2.0455","378","25036","thing","Cat in the Box: Deluxe Edition","2","5","40","40","20","2022","3,4,5","4","10+","No necessary in-game text","","","","","","standalone","","","","","","","","","","","","","","",""
"Catan","13","6.5","0","0","1","0","0","0","0","0","0","0","3","","Negociació","","","","75940593","6.9023","7.09057","2.2808","626","243057","thing","Catan","3","4","120","120","60","1995","3,4","4","8+","Some necessary text - easily memorized or small crib sheet","","","","","","standalone","","","","","","","","","","","","","","",""
"Catch the Moon","218129","7","5","0","1","0","0","0","0","0","0","0","3","","Habilitat","","","","113743633","6.05987","6.74643","1","2888","3653","thing","Catch the Moon","1","6","20","20","20","2017","1,2,3,4,5","3,4","5+","No necessary in-game text","","","","","","standalone","","","","","","","","","","","","","","",""
"Cathedral","7","7","3","0","1","0","0","0","0","0","0","0","3","","Pseudo-Abstracte","","","","117237324","6.11283","6.55539","1.7847","2619","7504","thing","Cathedral","2","2","20","20","20","1979","2","2","8+","No necessary in-game text","","","","","","standalone","","","","","","","","","","","","","","",""
"Caylus","18602","9","1","0","1","0","0","0","0","0","0","0","3","","Col·locació treballadors","","","","84349567","7.48865","7.70263","3.7899","141","29834","thing","Caylus","2","5","150","150","60","2005","2,3,4,5","3","12+","No necessary in-game text","","","","","","standalone","","","","","","","","","","","","","","",""
"Chartae","269257","6.5","7","0","1","0","0","0","0","0","0","0","3","","Losetas","","","","97680925","5.78318","6.43468","1.3333","5025","1845","thing","Chartae","2","2","10","10","10","2019","2","2","8+","No necessary in-game text","","","","","","standalone","","","","","","","","","","","","","","",""
"Chess","171","10","17","0","1","0","0","0","0","0","0","0","3","","Abstracte","","","","86963748","7.04023","7.24122","3.6424","462","61733","thing","Chess","2","2","0","0","0","1475","2","2","6+","No necessary in-game text","","","","","","standalone","","","","","","","","","","","","","","",""
"Chimera","156373","0","1","0","1","0","0","0","0","0","0","0","3","","Basses","","","","116205175","5.89526","6.95956","2.1622","3940","1893","thing","Chimera","3","3","45","45","45","2014","3","3","12+","No necessary in-game text","","","","","","standalone","","","","","","","","","","","","","","",""
"Chronicle","54307","9","2","0","1","0","0","0","0","0","0","0","3","","Basses","","","","104234646","6.09186","6.80073","1.9608","2710","3378","thing","Chronicle","3","6","30","30","30","2009","3,4,5","4","12+","Some necessary text - easily memorized or small crib sheet","","","","","","standalone","","","","","","","","","","","","","","",""
"Citadels","478","7","0","0","1","0","0","0","0","0","0","0","3","","Gestió de mà","","","","75940010","6.92911","7.05322","2.0463","593","79826","thing","Citadels","2","8","60","60","20","2000","2,3,4,5,6,7","5","10+","Moderate in-game text - needs crib sheet or paste ups","","","","","","standalone","","","","","","","","","","","","","","",""
"Cities","402676","8","4","0","1","0","0","0","0","0","0","0","3","","Draft públic","","","","120914956","6.67209","7.2761","1.8865","969","9529","thing","Cities","2","4","45","45","45","2024","2,3,4","4","10+","Some necessary text - easily memorized or small crib sheet","","","","","","standalone","","","","","","","","","","","","","","",""
"Civilization: A New Dawn","233247","8.5","1","0","1","0","0","0","0","0","0","0","3","","4x","","","","75940383","6.77182","7.2356","3.2153","802","14158","thing","Civilization: A New Dawn","2","4","120","120","60","2017","2,3,4","4","12+","Moderate in-game text - needs crib sheet or paste ups","","","","","","standalone","","","","","","","","","","","","","","",""
"Civilization: A New Dawn – Terra Incognita","314014","0","0","0","1","0","0","0","0","0","0","0","2","","4x","","","","75940401","6.4935","8.20581","3.6522","0","4798","thing","Civilization: A New Dawn – Terra Incognita","2","5","120","120","120","2020","2,3,4,5","3,4","12+","Extensive use of text - massive conversion needed to be playable","","","","","","expansion","","","","","","","","","","","","","","",""
"Claim","233961","7","0","0","1","0","0","0","0","0","0","0","3","","Basses","","","","77647715","6.4608","6.8981","1.6496","1429","12934","thing","Claim","2","2","25","25","25","2017","2","2","8+","No necessary in-game text","","","","","","standalone","","","","","","","","","","","","","","",""
"Claim 2","249763","7.5","0","0","1","0","0","0","0","0","0","0","3","","Basses","","","","88398637","6.17117","6.92645","1.6042","2353","6933","thing","Claim 2","2","2","25","25","25","2018","2","2","10+","No necessary in-game text","","","","","","standalone","","","","","","","","","","","","","","",""
"Claim: Dark Elves","292096","0","0","0","1","0","0","0","0","0","0","0","3","","Basses","","","","88398677","5.57061","7.06944","1","0","801","thing","Claim: Dark Elves","2","2","25","25","25","2019","","","","","","","","","","expansion","","","","","","","","","","","","","","",""
"Claim: Ghosts","267315","0","0","0","1","0","0","0","0","0","0","0","3","","Basses","","","","88398670","5.57678","7.06885","1","0","879","thing","Claim: Ghosts","2","2","25","25","25","2019","","","","No necessary in-game text","","","","","","expansion","","","","","","","","","","","","","","",""
"Claim: Mermaids","325438","0","0","0","1","0","0","0","0","0","0","0","3","","Basses","","","","88398710","5.52693","7.00857","1","0","322","thing","Claim: Mermaids","2","2","25","25","25","0","","","","No necessary in-game text","","","","","","expansion","","","","","","","","","","","","","","",""
"Claim: Minotaurs","325436","0","0","0","1","0","0","0","0","0","0","0","3","","Basses","","","","88398718","5.52418","6.90667","1","0","323","thing","Claim: Minotaurs","2","2","25","25","25","0","","","","","","","","","","expansion","","","","","","","","","","","","","","",""
"Clash of Decks: Starter Kit","334307","0","0","0","1","0","0","0","0","0","0","0","3","","","","","","105527267","5.71017","6.27525","2","6156","3635","thing","Clash of Decks: Starter Kit","1","2","30","30","15","2020","1,2","2","8+","No necessary in-game text","","","","","","standalone","","","","","","","","","","","","","","",""
"Codenames: Pictures","198773","7.5","32","0","1","0","0","0","0","0","0","0","3","","Party","","","","88978967","6.99662","7.17468","1.2351","509","45821","thing","Codenames: Pictures","2","8","15","15","15","2016","4,5,6,7,8","6","8+","No necessary in-game text","","","","","","standalone","","","","","","","","","","","","","","",""
"Coloretto","5782","7","3","0","1","0","0","0","0","0","0","0","3","","Push-your-luck","","","","80583472","6.82019","6.98151","1.2698","738","31657","thing","Coloretto","2","5","30","30","30","2003","2,3,4,5","4","6+","No necessary in-game text","","","","","","standalone","","","","","","","","","","","","","","",""
"Coral","343899","7","6","0","1","0","0","0","0","0","0","0","3","","Pseudo-Abstracte","","","","101482557","5.72257","6.55125","1.375","5939","1526","thing","Coral","1","4","20","20","10","2022","1,2,3,4","1","8+","No necessary in-game text","","","","","","standalone","","","","","","","","","","","","","","",""
"Cosmic Encounter","39463","9","6","0","1","0","0","0","0","0","0","0","3","","Negociació","","","","76583753","7.31315","7.50594","2.5822","232","43806","thing","Cosmic Encounter","3","5","120","120","60","2008","4,5","5","12+","Extensive use of text - massive conversion needed to be playable","","","","","","standalone","","","","","","","","","","","","","","",""
"Cosmic Encounter: Cosmic Incursion","61001","0","0","0","1","0","0","0","0","0","0","0","3","","Negociació","","","","143203968","7.1559","8.22951","2.6852","0","13791","thing","Cosmic Encounter: Cosmic Incursion","3","6","60","60","60","2010","4,5,6","5,6","12+","Extensive use of text - massive conversion needed to be playable","","","","","","expansion","","","","","","","","","","","","","","",""
"The Cousins' War (Second Edition)","262818","9","5","0","1","0","0","0","0","0","0","0","3","","Card-driven","","","","85196464","5.73651","7.11065","2.1176","5682","1036","thing","The Cousins' War (Second Edition)","2","2","30","30","30","2018","2","2","12+","Extensive use of text - massive conversion needed to be playable","","","","","","standalone","","","","","","","","","","","","","","",""
"The Crew: Mission Deep Sea","324856","0","17","0","1","0","0","0","0","0","0","0","3","","Basses","","","","124080388","7.80312","8.04219","2.0507","44","52718","thing","The Crew: Mission Deep Sea","2","5","20","20","20","2021","3,4,5","4","10+","Moderate in-game text - needs crib sheet or paste ups","","","","","","standalone","","","","","","","","","","","","","","",""
"Cthulhu: Dark Providence","404509","8","2","0","1","0","0","0","0","0","0","0","3","","","","","","144241553","5.9917","7.5292","3.2051","3250","2522","thing","Cthulhu: Dark Providence","1","5","120","120","90","2025","3,4,5","4,5","14+","Extensive use of text - massive conversion needed to be playable","","","","","","standalone","","","","","","","","","","","","","","",""
"CuBirds","245476","8","23","0","1","0","0","0","0","0","0","0","3","","Gestió de mà","","","","75940750","6.56732","6.89707","1.3099","1178","13478","thing","CuBirds","2","5","20","20","20","2018","2,3,4,5","3","8+","No necessary in-game text","","","","","","standalone","","","","","","","","","","","","","","",""
"Dale of Merchants","176165","10","0","0","1","0","0","0","0","0","0","0","3","","Deck-building","","","","75939605","6.64376","7.13816","2.0955","1019","9951","thing","Dale of Merchants","2","4","30","30","30","2015","2,3,4","2,3","10+","Moderate in-game text - needs crib sheet or paste ups","","","","","","standalone","","","","","","","","","","","","","","",""
"Dale of Merchants 2","191597","9","0","0","1","0","0","0","0","0","0","0","3","","Deck-building","","","","75939615","6.41365","7.27803","2.0833","1557","6678","thing","Dale of Merchants 2","2","4","30","30","30","2016","2,3,4","2,3","8+","Moderate in-game text - needs crib sheet or paste ups","","","","","","standalone","","","","","","","","","","","","","","",""
"Dale of Merchants 3","299452","9","0","0","1","0","0","0","0","0","0","0","3","","Deck-building","","","","76709525","6.07404","7.63856","2.125","2808","3094","thing","Dale of Merchants 3","2","4","40","40","20","2020","2,3,4","2,3","8+","Moderate in-game text - needs crib sheet or paste ups","","","","","","standalone","","","","","","","","","","","","","","",""
"Dale of Merchants Collection","251551","10","8","0","1","0","0","0","0","0","0","0","1","","Deck-building","","","","75940235","6.30009","7.74824","2.2857","1888","3365","thing","Dale of Merchants Collection","2","4","60","60","20","2019","2,3,4","2,3","8+","Moderate in-game text - needs crib sheet or paste ups","","","","","","standalone","","","","","","","","","","","","","","",""
"Despistas","416054","9","9","0","1","0","0","0","0","0","0","0","3","","Party","","","","133025415","5.56831","6.7066","1","11560","362","thing","Despistas","4","12","30","30","20","2024","4,5,6,7,8","6,8","10+","Some necessary text - easily memorized or small crib sheet","","","","","","standalone","","","","","","","","","","","","","","",""
"Deus","162082","9","3","0","1","0","0","0","0","0","0","0","3","","Construcció motor","","","","84349696","6.9059","7.26017","2.8235","618","11781","thing","Deus","2","4","90","90","60","2014","2,3,4","3","12+","Moderate in-game text - needs crib sheet or paste ups","","","","","","standalone","","","","","","","","","","","","","","",""
"Deus: Egypt","201609","9","0","0","1","0","0","0","0","0","0","0","3","","Construcció motor","","","","138779609","5.93019","7.57323","3.0833","0","3416","thing","Deus: Egypt","2","4","90","90","60","2016","2,3,4","3","12+","Moderate in-game text - needs crib sheet or paste ups","","","","","","expansion","","","","","","","","","","","","","","",""
"Dixit","39856","8","1","0","1","0","0","0","0","0","0","0","3","","Party","","","","75939756","7.0634","7.17924","1.1915","433","109436","thing","Dixit","3","6","30","30","30","2008","4,5,6","5,6","8+","No necessary in-game text","","","","","","standalone","","","","","","","","","","","","","","",""
"Don't Get Got!","262547","7","2","0","1","0","0","0","0","0","0","0","3","","Party","","","","105731048","6.15043","6.92296","1.075","2442","6009","thing","Don't Get Got!","2","10","0","0","0","2018","4,5,6,7,8,9,10","6,7,8","10+","Unplayable in another language","","","","","","standalone","","","","","","","","","","","","","","",""
"Dungeon Petz","97207","10","9","0","1","0","0","0","0","0","0","0","3","","Col·locació treballadors","","","","118069611","7.11084","7.37935","3.6337","382","20986","thing","Dungeon Petz","2","4","90","90","90","2011","2,3,4","4","12+","No necessary in-game text","","","","","","standalone","","","","","","","","","","","","","","",""
"Dungeon Petz: Dark Alleys","143061","0","0","0","1","0","0","0","0","0","0","0","3","","Col·locació treballadors","","","","122481112","6.1998","7.75485","3.7647","0","5244","thing","Dungeon Petz: Dark Alleys","2","4","120","120","90","2013","2,3,4","4","12+","No necessary in-game text","","","","","","expansion","","","","","","","","","","","","","","",""
"Elder Sign","100423","7.5","0","0","1","0","0","0","0","0","0","0","3","","Gestió de daus","","","","75939767","6.77333","6.96703","2.3431","801","44350","thing","Elder Sign","1","8","90","90","90","2011","1,2,3,4","4","12+","Some necessary text - easily memorized or small crib sheet","","","","","","standalone","","","","","","","","","","","","","","",""
"Elfenland","10","7.5","1","0","1","0","0","0","0","0","0","0","3","","Gestió de mà","","","","93266579","6.41547","6.67357","2.1483","1549","12109","thing","Elfenland","2","6","60","60","60","1998","3,4,5,6","4","8+","No necessary in-game text","","","","","","standalone","","","","","","","","","","","","","","",""
"Embosca't","391163","8","7","0","1","0","0","0","0","0","0","0","3","","Gestió de mà","","","","119577550","7.45875","7.72872","2.2178","151","40577","thing","Forest Shuffle","2","5","60","60","40","2024","2,3,4","2","10+","Moderate in-game text - needs crib sheet or paste ups","","","","","","standalone","","","","","","","","","","","","Lookout Games","Catalan","2024","Catalan edition"
"Epic Card Game","175621","8","0","0","1","0","0","0","0","0","0","0","3","","TCG","","","","75939648","6.03612","6.3948","2.516","3009","11817","thing","Epic Card Game","2","4","40","40","20","2015","2,3,4","2","8+","Extensive use of text - massive conversion needed to be playable","","","","","","standalone","","","","","","","","","","","","","","",""
"Ethnos","206718","8","3","0","1","0","0","0","0","0","0","0","3","","Control àrees","","","","118548041","7.16392","7.45508","2.1088","339","16779","thing","Ethnos","2","6","60","60","45","2017","2,3,4,5,6","4","10+","Some necessary text - easily memorized or small crib sheet","","","","","","standalone","","","","","","","","","","","","","","",""
"EXIT: The Game – The Sinister Mansion","226520","0","1","0","1","0","0","0","0","0","0","0","3","","Party","","","","90114833","6.43582","7.20765","2.4667","1500","6008","thing","EXIT: The Game – The Sinister Mansion","1","4","90","90","45","2018","1,2,3","2","12+","Extensive use of text - massive conversion needed to be playable","","","","","","standalone","","","","","","","","","","","","","","",""
"Expediente Iberia","339544","0","1","0","1","0","0","0","0","0","0","0","3","","Gestió de mà","","","","92679546","0","7.40625","0","0","78","thing","Expediente Iberia","1","5","60","0","60","2021","","","","","","","","","","standalone","","","","","","","","","","","","","","",""
"La Fallera Calavera","151446","6.5","0","0","1","0","0","0","0","0","0","0","3","","Gestió de mà","","","","75939816","5.69593","7.10268","1.7143","6438","1066","thing","La Fallera Calavera","2","5","30","30","30","2014","2,3,4,5","3,4","10+","Extensive use of text - massive conversion needed to be playable","","","","","","standalone","","","","","","","","","","","","","","",""
"La Fallera Calavera 2: els ingredients de la discòrdia","190220","7","0","0","1","0","0","0","0","0","0","0","3","","Gestió de mà","","","","88935462","5.5851","7.75475","2","0","412","thing","La Fallera Calavera 2: els ingredients de la discòrdia","2","6","45","45","30","2015","3,4,5,6","3,4","10+","Some necessary text - easily memorized or small crib sheet","","","","","","expansion","","","","","","","","","","","","","","",""
"Faraway","385761","9","9","2","1","0","0","0","0","0","0","0","3","","Draft pùblic","","","","112384840","7.26974","7.53934","1.939","254","33512","thing","Faraway","2","6","30","30","15","2023","2,3,4,5","3","10+","No necessary in-game text","","","","","","standalone","","","","","","","","","","","","","","",""
"Fight for Olympus","192834","8","8","0","1","0","0","0","0","0","0","0","3","","Tug-of-war","","","","111337958","5.92338","6.67526","2.098","3701","2590","thing","Fight for Olympus","2","2","30","30","30","2016","2","2","10+","Moderate in-game text - needs crib sheet or paste ups","","","","","","standalone","","","","","","","","","","","","","","",""
"Finspan","436126","8.5","2","0","1","0","0","0","0","0","0","0","3","","Construcció motor","","","","141264345","7.07701","7.67547","2.3089","416","16616","thing","Finspan","1","5","60","60","45","2025","1,2,3,4","2,3","10+","Some necessary text - easily memorized or small crib sheet","","","","","","standalone","","","","","","","","","","","","","","",""
"Firefly: The Game","138161","0","1","0","1","0","0","0","0","0","0","0","3","","Món obert","","","","143269672","6.9819","7.38244","2.9542","524","24130","thing","Firefly: The Game","1","4","240","240","120","2013","1,2,3,4","3","12+","Extensive use of text - massive conversion needed to be playable","","","","","","standalone","","","","","","","","","","","","","","",""
"Flash Point: Fire Rescue","100901","0","0","0","1","0","0","0","0","0","0","0","3","","","","","","114168940","6.96283","7.14257","2.1972","547","40942","thing","Flash Point: Fire Rescue","2","6","45","45","45","2011","1,2,3,4,5,6","4","8+","Some necessary text - easily memorized or small crib sheet","","","","","","standalone","","","","","","","","","","","","","","",""
"Flick 'em Up!","169124","7","2","0","1","0","0","0","0","0","0","0","3","","Flicking","","","","94542879","6.54799","6.83745","1.3462","1217","16934","thing","Flick 'em Up!","2","10","45","45","30","2015","2,3,4,5,6","2,4","6+","No necessary in-game text","","","","","","standalone","","","","","","","","","","","","","","",""
"For Northwood! A Solo Trick-Taking Game","334590","9","7","0","1","0","0","0","0","0","0","0","3","","Basses","","","","106481370","7.05173","7.75471","1.8403","447","11780","thing","For Northwood! A Solo Trick-Taking Game","1","1","30","30","15","2021","1","1","10+","Moderate in-game text - needs crib sheet or paste ups","","","","","","standalone","","","","","","","","","","","","","","",""
"For Sale","172","9","5","0","1","0","0","0","0","0","0","0","3","","Subhastes","","","","110622480","7.14055","7.26703","1.2486","359","44320","thing","For Sale","3","6","30","30","30","1997","3,4,5,6","5","8+","No necessary in-game text","","","","","","standalone","","","","","","","","","","","","","","",""
"Forage: A 9 card solitaire game","373577","0","1","0","1","0","0","0","0","0","0","0","3","","Losetas","","","","101406210","5.95312","7.17419","1.2941","3502","2930","thing","Forage: A 9 card solitaire game","1","1","10","10","5","2024","1","1","8+","Some necessary text - easily memorized or small crib sheet","","","","","","standalone","","","","","","","","","","","","","","",""
"Forest Shuffle","391163","8","7","0","1","0","0","0","0","0","0","0","3","","Gestió de mà","","","","119085632","7.45875","7.72872","2.2178","151","40577","thing","Forest Shuffle","2","5","60","60","40","2023","2,3,4","2","10+","Moderate in-game text - needs crib sheet or paste ups","","","","","","standalone","","","","","","","","","","","","","","",""
"Forest Shuffle: Dartmoor","438402","8","2","0","1","0","0","0","0","0","0","0","3","","Gestió de mà","","","","137674450","6.63599","7.69949","2.2833","1041","6013","thing","Forest Shuffle: Dartmoor","2","5","60","60","60","2025","2,3,4","2","10+","Moderate in-game text - needs crib sheet or paste ups","","","","","","standalone","","","","","","","","","","","","","","",""
"Forever Home","385999","7","5","0","1","0","0","0","0","0","0","0","3","","Draft públic","","","","141386164","5.84213","6.67232","1.8276","4399","2033","thing","Forever Home","1","5","45","45","20","2023","1,2,3,4,5","2","8+","No necessary in-game text","","","","","","standalone","","","","","","","","","","","","","","",""
"Fresh Fish","164698","0","0","0","1","0","0","0","0","0","0","0","3","","","","","","115624550","6.06353","7.18847","2.4","2874","1650","thing","Fresh Fish","2","5","45","45","45","2014","3,4,5","4","8+","No necessary in-game text","","","","","","standalone","","","","","","","","","","","","","","",""
"Future Inc.","387305","8","1","3","1","0","0","0","0","0","0","0","3","","Econòmic","","","","111129562","5.76248","7.16728","2.6316","5306","1104","thing","Future Inc.","2","4","60","60","30","2023","3,4","3,4","10+","No necessary in-game text","","","","","","standalone","","","","","","","","","","","","","","",""
"Gamelib Pocket","419641","0","0","0","1","0","0","0","0","0","0","0","3","","","","","","124055840","0","7.49375","0","0","222","thing","Gamelib Pocket","1","4","60","60","10","2024","","","","","","","","","","standalone","","","","","","","","","","","","","","",""
"Ginkgopolis","128271","8","3","0","1","0","0","0","0","0","0","0","3","","Construcció motor","","","","118421897","7.0605","7.4807","2.9","439","10557","thing","Ginkgopolis","1","5","45","45","45","2012","1,2,3,4","2,3","12+","No necessary in-game text","","","","","","standalone","","","","","","","","","","","","","","",""
"Glory to Rome","19857","0","0","0","1","0","0","0","0","0","0","0","3","","Cartes multiús","","","","135181645","7.21055","7.49394","2.9331","296","16315","thing","Glory to Rome","2","5","60","60","60","2005","2,3,4,5","3,4","12+","Extensive use of text - massive conversion needed to be playable","","","","","","standalone","","","","","","","","","","","","","","",""
"Go","188","10","1","0","1","0","0","0","0","0","0","0","3","","Abstracte","","","","75939845","7.30199","7.65654","3.9152","238","26683","thing","Go","2","2","180","180","30","-2200","2","2","6+","No necessary in-game text","","","","","","standalone","","","","","","","","","","","","","","",""
"El Grande","93","9.5","8","0","1","0","0","0","0","0","0","0","3","","Control àrees","","","","90115233","7.59323","7.77211","2.9319","101","36140","thing","El Grande","2","5","120","120","60","1995","3,4,5","5","12+","Moderate in-game text - needs crib sheet or paste ups","","","","","","standalone","","","","","","","","","","","","","","",""
"El Grande: König & Intrigant","370","0","0","0","1","0","0","0","0","0","0","0","3","","Control àrees","","","","90454323","5.93753","7.42521","3.0556","0","2542","thing","El Grande: König & Intrigant","2","5","90","90","90","1997","4,5","5","12+","Moderate in-game text - needs crib sheet or paste ups","","","","","","expansion","","","","","","","","","","","","","","",""
"La Granja","146886","9","9","3","1","0","0","0","0","0","0","0","3","","Cartes multiús","","","","75939557","7.22854","7.58634","3.5702","279","13479","thing","La Granja","1","4","120","120","90","2014","1,2,3,4","3","12+","Moderate in-game text - needs crib sheet or paste ups","","","","","","standalone","","","","","","","","","","","","","","",""
"La Granja: Deluxe Master Set","341945","0","1","0","1","0","0","0","0","0","0","0","3","","Cartes multiús","","","","144764838","6.87525","8.19684","3.4857","648","7159","thing","La Granja: Deluxe Master Set","1","4","120","120","90","2023","1,2,3,4","3","12+","Moderate in-game text - needs crib sheet or paste ups","","","","","","standalone","","","","","","","","","","","","","","",""
"Grove: 9 card solitaire game","329873","9.5","30","0","1","0","0","0","0","0","0","0","3","","Losetas","","","","100163634","6.60333","7.49205","1.3265","1096","7581","thing","Grove: 9 card solitaire game","1","1","10","10","5","2021","1","1","8+","Some necessary text - easily memorized or small crib sheet","","","","","","standalone","","","","","","","","","","","","","","",""
"Guyenne","352412","6","1","0","1","0","0","0","0","0","0","0","3","","","","","","93910045","0","8.14286","0","0","8","thing","Guyenne","2","4","15","15","10","2021","2,3,4","2","6+","Moderate in-game text - needs crib sheet or paste ups","","","","","","standalone","","","","","","","","","","","","","","",""
"Halls of Hegra","336131","8","1","0","1","0","0","0","0","0","0","0","3","","Bag-building","","","","106348949","6.28429","8.08266","3.4074","1942","3403","thing","Halls of Hegra","1","1","90","90","70","2023","1","1","16+","Extensive use of text - massive conversion needed to be playable","","","","","","standalone","","","","","","","","","","","","","","",""
"Hanafuda","5451","7","0","0","1","0","0","0","0","0","0","0","3","","Gestió de mà","","","","75940041","5.9263","6.90108","1.7391","3682","3608","thing","Hanafuda","2","7","60","60","60","1701","2,3","2","8+","No necessary in-game text","","","","","","standalone","","","","","","","","","","","","","","",""
"Hanamikoji","158600","10","3","0","1","0","0","0","0","0","0","0","3","","I-cut-you-choose","","","","77393335","7.22061","7.44849","1.6736","286","35713","thing","Hanamikoji","2","2","15","15","15","2013","2","2","8+","No necessary in-game text","","","","","","standalone","","","","","","","","","","","","","","",""
"Hanamikoji: Geisha's Road","322339","7.5","1","0","1","0","0","0","0","0","0","0","1","","I-cut-you-choose","","","","75940774","5.7547","6.84463","2.1765","5418","2166","thing","Hanamikoji: Geisha's Road","2","2","25","25","25","2021","2","2","10+","No necessary in-game text","","","","","","standalone","","","","","","","","","","","","","","",""
"Happy Mochi","438481","7.5","3","0","1","0","0","0","0","0","0","0","3","","Gestió de mà","","","","135473546","5.6799","6.54858","1.1667","6804","1562","thing","Happy Mochi","2","6","20","20","20","2025","2,3,4,5,6","4","8+","No necessary in-game text","","","","","","standalone","","","","","","","","","","","","","","",""
"Happy Salmon","194626","7.5","2","0","1","0","0","0","0","0","0","0","3","","Party","","","","100028691","6.32153","6.64089","1.0571","1801","17497","thing","Happy Salmon","3","8","2","2","2","2016","4,5,6,7,8","5,6","5+","Some necessary text - easily memorized or small crib sheet","","","","","","standalone","","","","","","","","","","","","","","",""
"Harmonies","414317","8","8","0","1","0","0","0","0","0","0","0","3","","Draft públic","","","","119421021","7.7671","8.03169","2.0083","53","54254","thing","Harmonies","1","4","45","45","30","2024","1,2,3,4","2,3","8+","No necessary in-game text","","","","","","standalone","","","","","","","","","","","","","","",""
"Heat: Pedal to the Metal","366013","10","20","0","1","0","0","0","0","0","0","0","3","","Gestió de la mà","","","","100489304","7.79565","7.99377","2.2017","47","63574","thing","Heat: Pedal to the Metal","1","6","60","60","30","2022","1,2,3,4,5,6","5,6","8+","No necessary in-game text","","","","","","standalone","","","","","","","","","","","","","","",""
"Hegemony: Lead Your Class to Victory","321608","8.5","2","0","1","0","0","0","0","0","0","0","3","","Gestió pura","","","","87702054","7.8249","8.35922","4.2585","41","19436","thing","Hegemony: Lead Your Class to Victory","2","4","180","180","90","2023","2,3,4","4","16+","Extensive use of text - massive conversion needed to be playable","","","","","","standalone","","","","","","","","","","","","","","",""
"Hero Realms","198994","7","2","0","1","0","0","0","0","0","0","0","3","","Deck-building","","","","75939638","7.19458","7.49212","1.8444","311","34737","thing","Hero Realms","2","4","20","20","20","2016","2,3,4","2","8+","Moderate in-game text - needs crib sheet or paste ups","","","","","","standalone","","","","","","","","","","","","","","",""
"High Score","341416","7.5","10","0","1","0","0","0","0","0","0","0","3","","Push-your-luck","","","","95034082","5.88805","6.6308","1.1081","3994","2649","thing","High Score","2","5","30","30","30","2021","2,3,4,5","3,4","6+","No necessary in-game text","","","","","","standalone","","","","","","","","","","","","","","",""
"High Society","220","10","15","0","1","0","0","0","0","0","0","0","3","","Subhastes","","","","81471877","6.97436","7.20051","1.4817","534","25784","thing","High Society","3","5","30","30","15","1995","3,4,5","4,5","10+","No necessary in-game text","","","","","","standalone","","","","","","","","","","","","","","",""
"Hitster","318243","6","7","0","1","0","0","0","0","0","0","0","3","","Party","","","","144257210","7.02481","7.51921","1.0185","479","16367","thing","Hitster","2","10","30","30","30","2022","2,3,4,5,6,7,8,9,10","4,5,6","14+","No necessary in-game text","","","","","","standalone","","","","","","","","","","","","","","",""
"Hive Pocket","154597","9.5","4","0","1","0","0","0","0","0","0","0","3","","Abstracte","","","","75940058","7.3376","7.68669","2.2049","0","36918","thing","Hive Pocket","2","2","20","20","20","2010","2","2","8+","No necessary in-game text","","","","","","standalone","","","","","","","","","","","","","","",""
"Hunch!","359398","7.5","10","0","1","0","0","0","0","0","0","0","3","","Party","","","","100951856","5.54094","6.59667","2","14683","201","thing","Hunch!","3","6","60","60","40","2022","5,6","6","14+","Extensive use of text - massive conversion needed to be playable","","","","","","standalone","","","","","","","","","","","","","","",""
"Illuminati","28","6.5","0","0","1","0","0","0","0","0","0","0","3","","","","","","88530134","6.09103","6.46353","2.6538","2716","10014","thing","Illuminati","2","6","180","180","60","1987","3,4,5,6","4","12+","Extensive use of text - massive conversion needed to be playable","","","","","","standalone","","","","","","","","","","","","","","",""
"Influentia","311191","7","0","0","1","0","0","0","0","0","0","0","3","","Basses","","","","85786644","5.54692","6.47759","2.2","13794","509","thing","Influentia","3","4","45","45","45","2020","3,4","4","","No necessary in-game text","","","","","","standalone","","","","","","","","","","","","","","",""
"INGSOC 1984","396649","0","0","0","1","0","0","0","0","0","0","0","3","","","","","","124349788","5.56361","6.35658","1.125","11959","385","thing","At the Office","2","4","30","30","20","2024","2,3,4","4","8+","No necessary in-game text","","","","","","standalone","","","","","","","","","","","","GDM Games","Catalan; French; Spanish","2024","Multilingual edition"
"Inkognito","466","5","0","0","1","0","0","0","0","0","0","0","3","","Moviment ocult","","","","88530216","6.14246","6.60276","2.1624","2478","7340","thing","Inkognito","3","5","90","90","90","1988","4","4","10+","Some necessary text - easily memorized or small crib sheet","","","","","","standalone","","","","","","","","","","","","","","",""
"Innovation","63888","8.5","4","0","1","0","0","0","0","0","0","0","3","","Civilitzacions","","","","117374522","7.11268","7.32538","2.7807","381","27403","thing","Innovation","2","5","60","60","20","2012","2,3","2","12+","Extensive use of text - massive conversion needed to be playable","","","","","","standalone","","","","","","","","","","","","HomoLudicus","Spanish","2012","HomoLudicus Spanish second edition"
"La Isla","154246","8.5","2","0","1","0","0","0","0","0","0","0","3","","Programació accions","","","","83924210","6.46379","6.86931","2.2606","1418","8916","thing","La Isla","2","4","60","60","30","2014","2,3,4","4","10+","No necessary in-game text","","","","","","standalone","","","","","","","","","","","","","","",""
"Islet","392473","7","2","0","1","0","0","0","0","0","0","0","3","","Pseudo-abstracte","","","","114398497","5.61741","6.80741","1.8333","8658","494","thing","Islet","1","4","40","40","20","2023","1,2,3,4","1,2","","No necessary in-game text","","","","","","standalone","","","","","","","","","","","","","","",""
"Jaipur","54043","7.5","3","0","1","0","0","0","0","0","0","0","3","","Gestió de mà","","","","75949536","7.36143","7.47858","1.4629","201","96925","thing","Jaipur","2","2","30","30","30","2009","2","2","8+","No necessary in-game text","","","","","","standalone","","","","","","","","","","","","","","",""
"Joraku","180901","8","4","0","1","0","0","0","0","0","0","0","3","","Basses","","","","135014691","6.29604","7.20722","2.2449","1902","4020","thing","Joraku","3","4","60","60","30","2015","3,4","4","12+","No necessary in-game text","","","","","","standalone","","","","","","","","","","","","","","",""
"Junk Art","193042","9","2","0","1","0","0","0","0","0","0","0","3","","Habilitat","","","","79382962","6.90308","7.34372","1.1947","623","12201","thing","Junk Art","2","6","30","30","30","2016","2,3,4,5,6","4,5","6+","No necessary in-game text","","","","","","standalone","","","","","","","","","","","","","","",""
"Keyframes","419754","0","0","0","1","0","0","0","0","0","0","0","3","","Gestió de mà","","","","122427274","5.52077","6.02537","1.4286","19360","273","thing","Keyframes","2","4","25","25","15","2024","2,3,4","3","8+","No necessary in-game text","","","","","","standalone","","","","","","","","","","","","","","",""
"Kimono Memories","422628","7","1","0","1","0","0","0","0","0","0","0","3","","Rondel","","","","136001192","5.54141","6.72415","1.3333","14606","283","thing","Kimono Memories","1","2","30","30","15","2024","2","2","","No necessary in-game text","","","","","","standalone","","","","","","","","","","","","","","",""
"Kingdom Defenders","193512","7.5","1","0","1","0","0","0","0","0","0","0","3","","Col·locació treballadors","","","","128382524","5.84878","7.5493","3.1429","4331","789","thing","Kingdom Defenders","2","4","90","90","60","2018","2,3,4","3,4","10+","No necessary in-game text","","","","","","standalone","","","","","","","","","","","","","","",""
"Knarr","379629","7.5","5","0","1","0","0","0","0","0","0","0","2","","Gestió de mà","","","","116352246","7.01333","7.46872","1.9159","494","13599","thing","Knarr","2","4","30","30","30","2023","2,3,4","3","10+","No necessary in-game text","","","","","","standalone","","","","","","","","","","","","","","",""
"Knives Out","407006","7","1","0","1","0","0","0","0","0","0","0","3","","","","","","127208007","5.52743","6.45715","1.75","17444","145","thing","Knives Out","3","10","25","25","20","2024","3,4,5,6,7,8,9,10","6,7,8,9,10","8+","","","","","","","standalone","","","","","","","","","","","","","","",""
"Las Vegas Royale","271319","7","3","0","1","0","0","0","0","0","0","0","3","","Push-your-luck","","","","113286819","6.68112","7.45755","1.45","945","7252","thing","Las Vegas Royale","2","5","60","60","45","2019","3,4,5","4,5","8+","No necessary in-game text","","","","","","standalone","","","","","","","","","","","","","","",""
"Liberation","251442","7","1","0","1","0","0","0","0","0","0","0","3","","Cat-and-mouse","","","","79146241","5.89003","6.80024","2.3214","3975","3798","thing","Liberation","2","2","30","30","30","2019","2","2","10+","Moderate in-game text - needs crib sheet or paste ups","","","","","","standalone","","","","","","","","","","","","","","",""
"Light Speed: Arena","400498","0","4","0","1","0","0","0","0","0","0","0","3","","","","","","145997991","6.27836","7.51344","1.1333","1962","3164","thing","Light Speed: Arena","1","4","15","15","5","2025","1,2,3,4","4","6+","No necessary in-game text","","","","","","standalone","","","","","","","","","","","","","","",""
"Linko","153065","8.5","4","0","1","0","0","0","0","0","0","0","3","","","","","","79472673","6.56018","7.00145","1.3957","1190","10708","thing","Linko","2","5","20","20","20","2014","3,4,5","4","8+","No necessary in-game text","","","","","","standalone","","","","","","","","","","","","","","",""
"The Lord of the Rings Dice Building Game","130912","0","0","0","1","0","0","0","0","0","0","0","3","","","","","","144852216","5.52305","5.6336","2.1905","18649","1560","thing","The Lord of the Rings Dice Building Game","2","4","30","30","30","2013","2,3,4","4","10+","Some necessary text - easily memorized or small crib sheet","","","","","","standalone","","","","","","","","","","","","","","",""
"The Lord of the Rings: Duel for Middle-earth","421006","9.5","9","0","1","0","0","0","0","0","0","0","3","","","","","","122809760","7.99549","8.35241","2.0719","19","43784","thing","The Lord of the Rings: Duel for Middle-earth","2","2","30","30","30","2024","2","2","10+","No necessary in-game text","","","","","","standalone","","","","","","","","","","","","","","",""
"The Lord of the Rings: Duel for Middle-Earth – Allies","450429","9","0","0","1","0","0","0","0","0","0","0","3","","","","","","145396714","6.26941","8.1702","1.8235","0","8845","thing","The Lord of the Rings: Duel for Middle-Earth – Allies","2","2","30","30","30","2025","2","2","10+","No necessary in-game text","","","","","","expansion","","","","","","","","","","","","","","",""
"The Lord of the Rings: The Confrontation","18833","8","4","0","1","0","0","0","0","0","0","0","3","","Moviment ocult","","","","75940265","6.95578","7.50794","2.1934","555","8339","thing","The Lord of the Rings: The Confrontation","2","2","30","30","30","2005","2","2","10+","Moderate in-game text - needs crib sheet or paste ups","","","","","","standalone","","","","","","","","","","","","","","",""
"The Lord of the Rings: The Fellowship of the Ring – Trick-Taking Game","429293","9","28","0","1","0","0","0","0","0","0","0","3","","Basses","","","","123619880","7.50112","7.98506","1.9415","134","27670","thing","The Lord of the Rings: The Fellowship of the Ring – Trick-Taking Game","1","4","20","20","20","2025","1,2,3,4","4","10+","Moderate in-game text - needs crib sheet or paste ups","","","","","","standalone","","","","","","","","","","","","","","",""
"The Lord of the Rings: The Two Towers – Trick-Taking Game","448271","0","1","0","1","0","0","0","0","0","0","0","3","","Basses","","","","136229288","6.59518","8.37447","2.1667","1114","10101","thing","The Lord of the Rings: The Two Towers – Trick-Taking Game","1","4","20","20","20","2026","1,2,3,4","4","10+","Some necessary text - easily memorized or small crib sheet","","","","","","standalone","","","","","","","","","","","","","","",""
"Lords of Xidit","156566","7.5","1","0","1","0","0","0","0","0","0","0","3","","Programació accions","","","","87282612","6.63989","7.07411","2.6376","1033","9681","thing","Lords of Xidit","3","5","90","90","90","2014","4,5","4,5","10+","No necessary in-game text","","","","","","standalone","","","","","","","","","","","","","","",""
"Lost Cities","50","7.5","2","0","1","0","0","0","0","0","0","0","3","","Tug-of-war","","","","98154685","7.15431","7.26059","1.4742","346","77010","thing","Lost Cities","2","2","30","30","30","1999","2","2","8+","No necessary in-game text","","","","","","standalone","","","","","","","","","","","","","","",""
"Lost Ruins of Arnak","312484","8.5","4","0","1","0","0","0","0","0","0","0","3","","Deck-building","","","","121783667","7.91722","8.08332","2.9339","30","88241","thing","Lost Ruins of Arnak","1","4","120","120","30","2020","1,2,3,4","3","10+","Moderate in-game text - needs crib sheet or paste ups","","","","","","standalone","","","","","","","","","","","","","","",""
"Mafiozoo","217466","0","0","0","1","0","0","0","0","0","0","0","3","","","","","","114033115","5.68394","6.72162","2.4667","6716","1132","thing","Mafiozoo","2","4","60","60","60","2017","2,3,4","4","10+","No necessary in-game text","","","","","","standalone","","","","","","","","","","","","","","",""
"Mage Knight","864","0","0","0","1","0","0","0","0","0","0","0","3","","","","","","85357684","5.69401","6.23427","2.382","6481","1708","thing","Mage Knight","2","4","60","60","60","2000","2,3,4","2","10+","Moderate in-game text - needs crib sheet or paste ups","","","","","","standalone","","","","","","","","","","","","","","",""
"Mage Knight: Ultimate Edition","248562","9","4","0","1","0","0","0","0","0","0","0","3","","Món obert","","","","128582468","7.98239","8.84455","4.6555","0","21642","thing","Mage Knight: Ultimate Edition","1","5","150","150","150","2018","1,2,3","1","14+","Extensive use of text - massive conversion needed to be playable","","","","","","standalone","","","","","","","","","","","","","","",""
"Magic: The Gathering Universes Beyond — The Lord of the Rings: Tales of Middle-earth","392223","9","7","0","1","0","0","0","0","0","0","0","3","","TCG","","","","109740381","5.61055","7.45396","3.8","0","670","thing","Magic: The Gathering Universes Beyond — The Lord of the Rings: Tales of Middle-earth","2","8","0","0","0","2023","2,3,4,5,6,7,8","2,4,8","","Extensive use of text - massive conversion needed to be playable","","","","","","expansion","","","","","","","","","","","","","","",""
"Marvel: Remix","359152","8.5","32","0","1","0","0","0","0","0","0","0","3","","Gestió de mà","","","","107871546","6.52749","7.28349","1.8033","1272","6060","thing","Marvel: Remix","2","6","20","20","20","2022","2,3,4","3","10+","Moderate in-game text - needs crib sheet or paste ups","","","","","","standalone","","","","","","","","","","","","","","",""
"Marvel: Remix – Squirrel Girl Promo Card","372440","6","0","0","1","0","0","0","0","0","0","0","3","","Gestió de mà","","","","108809085","5.53089","7.00463","0","0","383","thing","Marvel: Remix – Squirrel Girl Promo Card","2","6","20","20","20","2022","","","","","","","","","","expansion","","","","","","","","","","","","","","",""
"Match of the Century","393973","8.5","2","0","1","0","0","0","0","0","0","0","3","","Tug-of-war","","","","114504658","6.16993","7.44792","2.5814","2357","3167","thing","Match of the Century","2","2","45","45","30","2023","2","2","10+","Extensive use of text - massive conversion needed to be playable","","","","","","standalone","","","","","","","","","","","","","","",""
"Middle-Earth Quest","31563","0","0","0","1","0","0","0","0","0","0","0","3","","","","","","134823064","6.67052","7.38249","3.5488","973","6857","thing","Middle-Earth Quest","2","4","180","180","180","2009","2,3,4","3","12+","Extensive use of text - massive conversion needed to be playable","","","","","","standalone","","","","","","","","","","","","","","",""
"Mindbug: First Contact","345584","7.5","12","0","1","0","0","0","0","0","0","0","3","","TCG-Like","","","","87945010","7.06806","7.55112","1.9345","427","19012","thing","Mindbug: First Contact","2","2","25","25","15","2022","2","2","8+","Moderate in-game text - needs crib sheet or paste ups","","","","","","standalone","","","","","","","","","","","","","","",""
"The Ming Voyages","301030","8","2","0","1","0","0","0","0","0","0","0","3","","Tug-of-war","","","","84909515","5.73251","6.94189","2.5","5768","1501","thing","The Ming Voyages","1","2","30","30","30","2020","1,2","2","12+","Extensive use of text - massive conversion needed to be playable","","","","","","standalone","","","","","","","","","","","","","","",""
"Miyabi","285533","9","4","0","1","0","0","0","0","0","0","0","3","","Poliominós","","","","87945024","6.36116","7.43039","2.0357","1694","3359","thing","Miyabi","2","4","45","45","45","2019","2,3,4","2,3","8+","No necessary in-game text","","","","","","standalone","","","","","","","","","","","","","","",""
"Molt soroll per un rei","340292","7.5","2","0","1","0","0","0","0","0","0","0","3","","Card-driven","","","","108916889","5.54811","7.94727","1.8","13639","95","thing","Molt soroll per un rei","1","1","60","60","30","2021","1","1","16+","Extensive use of text - massive conversion needed to be playable","","","","","","standalone","","","","","","","","","","","","","","",""
"Monopoly Deal","164840","5.5","1","0","1","0","0","0","0","0","0","0","3","","","","","","86963822","5.91431","6.37414","1.2889","3781","9542","thing","Monopoly Deal","2","3","15","15","15","2014","2,3","3","8+","Moderate in-game text - needs crib sheet or paste ups","","","","","","standalone","","","","","","","","","","","","","","",""
"Morels","122298","8","7","0","1","0","0","0","0","0","0","0","3","","Gestió de la mà","","","","112219562","6.64451","6.96615","1.7366","1018","19555","thing","Morels","2","2","30","30","30","2012","2","2","10+","No necessary in-game text","","","","","","standalone","","","","","","","","","","","","","","",""
"Mottainai","175199","8","1","0","1","0","0","0","0","0","0","0","3","","Cartes multiús","","","","84555106","6.5186","7.04622","3.1744","1295","8586","thing","Mottainai","2","5","30","30","15","2015","2,3","2","14+","Extensive use of text - massive conversion needed to be playable","","","","","","standalone","","","","","","","","","","","","","","",""
"Neko Syndicate","415792","8","5","0","1","0","0","0","0","0","0","0","3","","Pick-up and deliver","","","","117856427","5.88505","7.25753","2.6667","4022","1832","thing","Neko Syndicate","1","4","40","40","20","2024","1,2,3,4","1,2","10+","No necessary in-game text","","","","","","standalone","","","","","","","","","","","","","","",""
"No, gracias","12942","9","17","0","1","0","0","0","0","0","0","0","3","","Subhastes","","","","95750761","6.95432","7.08076","1.1293","558","47055","thing","No Thanks!","3","7","20","20","20","2022","3,4,5,6,7","4,5","8+","No necessary in-game text","","","","","","standalone","","","","","","","","","","","","Mercurio","Spanish","2022","Mercurio Spanish edition 2022"
"Noah","116858","7.5","2","0","1","0","0","0","0","0","0","0","3","","Gestió de la mà","","","","136353705","5.79413","6.29153","1.32","4907","2172","thing","Noah","2","5","30","30","30","2012","2,3,4,5","3,4","8+","No necessary in-game text","","","","","","standalone","","","","","","","","","","","","","","",""
"Noah Planet","342258","0","0","0","1","0","0","0","0","0","0","0","3","","","","","","126819896","5.51895","6.88033","2","19919","98","thing","Noah Planet","1","4","75","75","30","2020","1,2","1","","","","","","","","standalone","","","","","","","","","","","","","","",""
"Oh my park!","368265","7.5","12","2","1","0","0","0","0","0","0","0","3","","Draft ocult","","","","99979423","5.54088","6.69519","2","14694","300","thing","Oh my park!","2","5","10","10","10","2022","2,3,4,5","3","8+","No necessary in-game text","","","","","","standalone","","","","","","","","","","","","","","",""
"One Night Ultimate Werewolf","147949","8.5","16","0","1","0","0","0","0","0","0","0","3","","Rols ocults","","","","97994355","6.85293","7.0313","1.3834","684","60041","thing","One Night Ultimate Werewolf","3","10","10","10","10","2014","4,5,6,7,8,9,10","6,7,8","10+","No necessary in-game text","","","","","","standalone","","","","","","","","","","","","","","",""
"One Night Ultimate Werewolf: Daybreak","163166","9","8","0","1","0","0","0","0","0","0","0","3","","Rols ocults","","","","144257205","6.76181","7.28126","1.4065","821","17340","thing","One Night Ultimate Werewolf: Daybreak","3","10","10","10","10","2015","4,5,6,7,8,9","6,7,8","8+","Some necessary text - easily memorized or small crib sheet","","","","","","standalone","","","","","","","","","","","","","","",""
"Orchard: 9 card solitaire game","245487","8.5","8","0","1","0","0","0","0","0","0","0","3","","Losetas","","","","82083486","6.57998","7.22051","1.1901","1149","9158","thing","Orchard: 9 card solitaire game","1","1","10","10","5","2018","1","1","8+","No necessary in-game text","","","","","","standalone","","","","","","","","","","","","","","",""
"Paco Ŝako","232974","8","6","0","1","0","0","0","0","0","0","0","3","","Abstracte","","","","96294042","5.72954","7.49991","2.9091","5829","875","thing","Paco Ŝako","2","2","60","60","15","2017","2","2","8+","No necessary in-game text","","","","","","standalone","","","","","","","","","","","","","","",""
"Pan Am","303057","9","4","0","1","0","0","0","0","0","0","0","3","","Col·locació treballadors","","","","87573869","7.04551","7.52337","2.4031","458","18173","thing","Pan Am","2","4","60","60","60","2020","2,3,4","3,4","10+","Moderate in-game text - needs crib sheet or paste ups","","","","","","standalone","","","","","","","","","","","","","","",""
"Panda Spin","417323","8.5","9","0","1","0","0","0","0","0","0","0","3","","Climbing","","","","138607346","6.19894","7.11633","2.0625","2248","3458","thing","Panda Spin","2","5","40","40","25","2024","2,3,4,5","4","10+","No necessary in-game text","","","","","","standalone","","","","","","","","","","","","","","",""
"Paris: Eiffel","331654","7.5","0","0","1","0","0","0","0","0","0","0","3","","Losetas","","","","82724604","5.79821","7.47867","2","0","2621","thing","Paris: Eiffel","2","2","30","30","20","2021","2","2","","","","","","","","expansion","","","","","","","","","","","","","","",""
"Paris: La Cité de la Lumière","276498","8.5","8","0","1","0","0","0","0","0","0","0","3","","Losetas","","","","79379047","6.69299","7.20553","2.0265","935","13353","thing","Paris: La Cité de la Lumière","2","2","30","30","30","2019","2","2","8+","No necessary in-game text","","","","","","standalone","","","","","","","","","","","","","","",""
"Patchistory","144041","0","0","0","1","0","0","0","0","0","0","0","3","","Civilitzacions","","","","138144968","6.2412","7.04614","3.7654","2085","3274","thing","Patchistory","2","4","120","120","60","2013","2,3,4","4","12+","Some necessary text - easily memorized or small crib sheet","","","","","","standalone","","","","","","","","","","","","","","",""
"Patchwork","163412","8","0","0","1","0","0","0","0","0","0","0","2","","Poliominós","","","","75940319","7.47125","7.57741","1.5967","148","124094","thing","Patchwork","2","2","30","30","15","2014","2","2","6+","No necessary in-game text","","","","","","standalone","","","","","","","","","","","","","","",""
"Pelusas","339214","8.5","37","0","1","0","0","0","0","0","0","0","3","","Push-your-luck","","","","107789767","6.33745","7.07232","1.0235","1760","6528","thing","Fruit Fight","2","5","20","20","20","2022","2,3,4,5","4","6+","No necessary in-game text","","","","","","standalone","","","","","","","","","","","","Mercurio","Spanish","2022","Mercurio Spanish edition"
"Penguin Airlines","369388","8","2","0","1","0","0","0","0","0","0","0","3","","Party","","","","112846689","5.74097","6.89498","1.2727","5622","1215","thing","Penguin Airlines","2","8","30","30","15","2023","2,4,6,8","4,6,8","8+","No necessary in-game text","","","","","","standalone","","","","","","","","","","","","","","",""
"Pick-omino","15818","7","15","0","1","0","0","0","0","0","0","0","3","","Push-your-luck","","","","82901441","6.3891","6.58852","1.1553","1632","23179","thing","Pick-omino","2","7","20","20","20","2005","2,3,4,5,6","3,4","6+","No necessary in-game text","","","","","","standalone","","","","","","","","","","","","","","",""
"Pictomania","98229","9","3","0","1","0","0","0","0","0","0","0","3","","Party","","","","109320336","6.59737","7.2567","1.525","1112","5693","thing","Pictomania","3","6","25","25","25","2014","3,4,5,6","5,6","8+","Unplayable in another language","","","","","","standalone","","","","","","","","","","","","Ediciones MasQueOca","Spanish","2014","Spanish edition"
"Piepmatz: Little Songbirds","246200","6.5","0","0","1","0","0","0","0","0","0","0","3","","Gestió de la mà","","","","84521212","6.27852","6.9568","2.1","1961","5166","thing","Piepmatz: Little Songbirds","2","4","40","40","20","2018","2,3,4","3","10+","No necessary in-game text","","","","","","standalone","","","","","","","","","","","","","","",""
"Plata","333280","7","1","0","1","0","0","0","0","0","0","0","3","","Climbing","","","","106190998","5.68994","6.90742","1.3333","6579","994","thing","Plata","2","6","40","40","30","2021","3,4,5,6","4","8+","No necessary in-game text","","","","","","standalone","","","","","","","","","","","","","","",""
"Polis","303551","0","0","0","1","0","0","0","0","0","0","0","3","","Pseudo-Wargame","","","","84349890","6.25239","8.05163","3.8082","2043","2444","thing","Polis","2","2","120","120","60","2020","2","2","14+","Some necessary text - easily memorized or small crib sheet","","","","","","standalone","","","","","","","","","","","","","","",""
"Port Royal: Big Box","331265","9","7","0","1","0","0","0","0","0","0","0","3","","Push-your-luck","","","","118744262","6.74843","7.52475","1.7553","0","10928","thing","Port Royal: Big Box","1","5","50","50","20","2022","1,2,3,4,5","3,4","8+","Some necessary text - easily memorized or small crib sheet","","","","","","standalone","","","","","","","","","","","","","","",""
"Praga Caput Regni","308765","9","6","4","1","0","0","0","0","0","0","0","3","","Selecció accions","","","","122348527","7.37015","7.8307","3.728","194","16675","thing","Praga Caput Regni","1","4","150","150","45","2020","1,2,3,4","3","12+","No necessary in-game text","","","","","","standalone","","","","","","","","","","","","","","",""
"Pylos","1419","7","3","0","1","0","0","0","0","0","0","0","3","","Abstracte","","","","108719884","5.85882","6.30004","1.9194","4238","3937","thing","Pylos","2","2","10","10","10","1993","2","2","8+","No necessary in-game text","","","","","","standalone","","","","","","","","","","","","","","",""
"Quantum","143519","8","4","0","1","0","0","0","0","0","0","0","3","","Pseudo-Abstracte","","","","135616629","6.78223","7.22259","2.4781","785","8744","thing","Quantum","2","4","60","60","60","2013","2,3,4","4","10+","Moderate in-game text - needs crib sheet or paste ups","","","","","","standalone","","","","","","","","","","","","","","",""
"Quetzal","300700","7.5","1","0","1","0","0","0","0","0","0","0","3","","Col·locació treballadors","","","","118743657","5.93921","6.76864","2.1489","3596","2332","thing","Quetzal","2","5","75","75","30","2020","2,3,4,5","3","10+","No necessary in-game text","","","","","","standalone","","","","","","","","","","","","","","",""
"Race for the Galaxy","28143","8.5","8","0","1","0","0","0","0","0","0","0","2","","Selecció d'accions","","","","79146304","7.61518","7.73606","2.9933","94","74292","thing","Race for the Galaxy","2","4","60","60","30","2007","2,3,4","2","12+","Some necessary text - easily memorized or small crib sheet","","","","","","standalone","","","","","","","","","","","","","","",""
"Red7","161417","8","3","3","1","0","0","0","0","0","0","0","3","","Gestió de la mà","","","","115059282","6.67221","6.86056","1.7021","968","26403","thing","Red7","2","4","30","30","5","2014","2,3,4","4","8+","Some necessary text - easily memorized or small crib sheet","","","","","","standalone","","","","","","","","","","","","","","",""
"Reforest","387276","9","4","0","1","0","0","0","0","0","0","0","3","","Gestió de la mà","","","","123527639","6.13973","7.49217","2.5714","2495","2919","thing","Reforest","1","4","60","60","30","2024","1,2,3,4","2","10+","Extensive use of text - massive conversion needed to be playable","","","","","","standalone","","","","","","","","","","","","","","",""
"The Resistance","41114","0","0","0","1","0","0","0","0","0","0","0","3","","Rols ocults","","","","144453573","7.03724","7.18713","1.5912","467","69769","thing","The Resistance","5","10","30","30","30","2009","5,6,7,8,9,10","7","12+","No necessary in-game text","","","","","","standalone","","","","","","","","","","","","","","",""
"Rhino Hero","91514","8","9","0","1","0","0","0","0","0","0","0","3","","Habilitat","","","","98557694","6.62674","6.8842","1.0202","1055","22231","thing","Rhino Hero","2","5","15","15","5","2011","2,3,4,5","3","4+","No necessary in-game text","","","","","","standalone","","","","","","","","","","","","","","",""
"Rick and Morty: The Pickle Rick Game","246532","5","0","0","1","0","0","0","0","0","0","0","3","","","","","","78206295","5.61739","6.80862","1.6364","8661","1023","thing","Rick and Morty: The Pickle Rick Game","1","2","45","45","30","2018","2","2","12+","Some necessary text - easily memorized or small crib sheet","","","","","","standalone","","","","","","","","","","","","","","",""
"Root","237182","10","22","4","1","0","0","0","0","0","0","0","3","","Pseudo-wargame","","","","75949457","7.88208","8.07091","3.8418","34","104105","thing","Root","2","4","90","90","60","2018","3,4","4","14+","Extensive use of text - massive conversion needed to be playable","","","","","","standalone","","","","","","","","","","","","","","",""
"Root: Landmarks Pack","334486","0","0","0","1","0","0","0","0","0","0","0","3","","Pseudo-wargames","","","","113343638","6.2426","7.96058","2.625","0","9047","thing","Root: Landmarks Pack","2","4","90","90","60","2022","3,4","4","14+","Moderate in-game text - needs crib sheet or paste ups","","","","","","expansion","","","","","","","","","","","","","","",""
"Root: Marauder Hirelings Pack & Hireling Box","336276","0","0","0","1","0","0","0","0","0","0","0","3","","Pseudo-wargames","","","","97378666","6.46099","8.45729","3.9091","0","10172","thing","Root: Marauder Hirelings Pack & Hireling Box","2","4","90","90","60","2022","2,3,4","2","12+","Moderate in-game text - needs crib sheet or paste ups","","","","","","expansion","","","","","","","","","","","","","","",""
"Root: Riverfolk Hirelings Pack","334485","0","0","0","1","0","0","0","0","0","0","0","3","","Pseudo-wargames","","","","97378661","6.28468","8.34409","3.3333","0","8605","thing","Root: Riverfolk Hirelings Pack","2","4","90","90","60","2022","2,3,4","3","12+","","","","","","","expansion","","","","","","","","","","","","","","",""
"Root: The Clockwork Expansion","287220","8","0","0","1","0","0","0","0","0","0","0","3","","Pseudo-wargames","","","","97721343","6.6444","7.75019","3.9783","0","17126","thing","Root: The Clockwork Expansion","1","4","90","90","60","2020","1,2,3","1","14+","Extensive use of text - massive conversion needed to be playable","","","","","","expansion","","","","","","","","","","","","","","",""
"Root: The Exiles and Partisans Deck","272638","9.5","0","0","1","0","0","0","0","0","0","0","3","","Pseudo-wargames","","","","97355459","7.35129","8.71597","3.8214","0","20007","thing","Root: The Exiles and Partisans Deck","2","6","0","0","0","2020","2,3,4,5","4","12+","Extensive use of text - massive conversion needed to be playable","","","","","","expansion","","","","","","","","","","","","","","",""
"Root: The Marauder Expansion","330149","0","0","0","1","0","0","0","0","0","0","0","3","","Pseudo-wargames","","","","97378642","7.45246","8.82666","3.9767","0","19703","thing","Root: The Marauder Expansion","2","6","90","90","60","2022","2,3,4,5","4","12+","Extensive use of text - massive conversion needed to be playable","","","","","","expansion","","","","","","","","","","","","","","",""
"Root: The Riverfolk Expansion","241386","9.5","0","0","1","0","0","0","0","0","0","0","3","","Pseudo-wargames","","","","97135199","7.76808","8.43081","3.8608","0","39245","thing","Root: The Riverfolk Expansion","1","6","90","90","60","2018","3,4,5","4","12+","Extensive use of text - massive conversion needed to be playable","","","","","","expansion","","","","","","","","","","","","","","",""
"Root: The Underworld Expansion","272637","9.5","0","0","1","0","0","0","0","0","0","0","3","","Pseudo-wargames","","","","97378645","7.77256","8.70666","3.6535","0","29474","thing","Root: The Underworld Expansion","2","6","90","90","60","2020","3,4,5","4","12+","Extensive use of text - massive conversion needed to be playable","","","","","","expansion","","","","","","","","","","","","","","",""
"Root: Underworld Hirelings Pack","361193","0","0","0","1","0","0","0","0","0","0","0","3","","Pseudo-wargames","","","","97378664","6.16302","8.28627","3.1429","0","7398","thing","Root: Underworld Hirelings Pack","2","4","90","90","60","2022","2,3,4","3,4","12+","","","","","","","expansion","","","","","","","","","","","","","","",""
"Rustling Leaves","313531","0","0","0","1","0","0","0","0","0","0","0","3","","Roll and write","","","","106711433","6.04171","6.88106","1.6271","2983","3482","thing","Rustling Leaves","2","6","20","20","20","2020","1,2,3,4,5,6","2","8+","Some necessary text - easily memorized or small crib sheet","","","","","","standalone","","","","","","","","","","","","","","",""
"Safari Splash!","368650","7","2","0","1","0","0","0","0","0","0","0","3","","Losetas","","","","100951861","5.52849","7.00299","1","17155","143","thing","Safari Splash!","2","6","1","1","1","2022","2,3,4,5,6","3,4","","","","","","","","standalone","","","","","","","","","","","","","","",""
"Samurai","3","10","4","0","1","0","0","0","0","0","0","0","2","","Control àrees","","","","75940794","7.22174","7.48336","2.4406","284","17602","thing","Samurai","2","4","60","60","30","1998","2,3,4","3","10+","No necessary in-game text","","","","","","standalone","","","","","","","","","","","","","","",""
"Sanctuary","441696","8","3","0","1","0","0","0","0","0","0","0","3","","Losetas","","","","130691839","6.78601","7.65633","2.8366","776","7162","thing","Sanctuary","1","5","100","100","40","2025","1,2,3,4","2,3","12+","Moderate in-game text - needs crib sheet or paste ups","","","","","","standalone","","","","","","","","","","","","","","",""
"Sanctuary: Kiosk Promo Tile","456590","0","0","0","1","0","0","0","0","0","0","0","3","","Losetas","","","","142212371","5.54242","7.6","3","0","556","thing","Sanctuary: Kiosk Promo Tile","1","5","0","0","0","2025","","","","","","","","","","expansion","","","","","","","","","","","","","","",""
"Schneeble","228420","0","0","0","1","0","0","0","0","0","0","0","3","","Basses","","","","92128835","5.52768","6.95286","2","17373","262","thing","Schneeble","3","5","25","25","15","2017","4","4","","","","","","","","standalone","","","","","","","","","","","","","","",""
"SCOUT","291453","0","1","0","1","0","0","0","0","0","0","0","3","","Climbing","","","","127699692","7.57674","7.77939","1.3893","109","56739","thing","SCOUT","2","5","20","20","20","2019","3,4,5","4","8+","No necessary in-game text","","","","","","standalone","","","","","","","","","","","","","","",""
"Sea Salt & Paper","367220","9","32","0","1","0","0","0","0","0","0","0","3","","Gestió de la mà","","","","104687874","7.27218","7.50841","1.4806","253","50673","thing","Sea Salt & Paper","2","4","45","45","30","2022","2,3,4","2","8+","No necessary in-game text","","","","","","standalone","","","","","","","","","","","","","","",""
"Sea Salt & Paper: Extra Pepper","442250","0","0","0","1","0","0","0","0","0","0","0","3","","Gestió de la mà","","","","140926337","6.32681","8.03581","1.4286","0","7862","thing","Sea Salt & Paper: Extra Pepper","2","4","45","45","30","2025","2,3,4","2","8+","No necessary in-game text","","","","","","expansion","","","","","","","","","","","","","","",""
"Sea Salt & Paper: Extra Salt","396545","0","0","0","1","0","0","0","0","0","0","0","3","","Gestió de la mà","","","","111133011","6.80553","7.78497","1.4333","0","16366","thing","Sea Salt & Paper: Extra Salt","2","4","45","45","30","2023","2,3,4","2","8+","No necessary in-game text","","","","","","expansion","","","","","","","","","","","","","","",""
"Seas of Strife","225482","8.5","5","0","1","0","0","0","0","0","0","0","3","","Basses","","","","133117868","6.47708","7.35757","1.3091","1387","4460","thing","Seas of Strife","3","6","45","45","45","2015","4,5,6","5,6","10+","No necessary in-game text","","","","","","standalone","","","","","","","","","","","","","","",""
"Seasons","108745","10","32","0","1","0","0","0","0","0","0","0","2","","Selecció de daus","","","","75949412","7.14062","7.3304","2.7851","358","31869","thing","Seasons","2","4","60","60","60","2012","2,3","2","12+","Extensive use of text - massive conversion needed to be playable","","","","","","standalone","","","","","","","","","","","","","","",""
"Seasons of Rice","256705","7","0","0","1","0","0","0","0","0","0","0","3","","Losetas","","","","79146223","5.87097","6.77359","1.6522","4148","3499","thing","Seasons of Rice","2","2","20","20","20","2019","2","2","8+","Some necessary text - easily memorized or small crib sheet","","","","","","standalone","","","","","","","","","","","","","","",""
"Seasons: Enchanted Kingdom","136233","9","0","0","1","0","0","0","0","0","0","0","3","","Selecció de daus","","","","108301497","6.62397","7.7689","2.7","0","9745","thing","Seasons: Enchanted Kingdom","2","4","60","60","60","2013","2,3,4","2,3","12+","Extensive use of text - massive conversion needed to be playable","","","","","","expansion","","","","","","","","","","","","","","",""
"Seasons: Igramul the Banisher","164015","0","0","0","1","0","0","0","0","0","0","0","3","","Selecció de daus","","","","108797257","5.59291","7.205","2.6667","0","589","thing","Seasons: Igramul the Banisher","2","4","60","60","60","2013","2,3,4","2","12+","Extensive use of text - massive conversion needed to be playable","","","","","","expansion","","","","","","","","","","","","","","",""
"Seasons: Path of Destiny","148166","9","0","0","1","0","0","0","0","0","0","0","3","","Selecció de daus","","","","108656223","6.45776","7.86387","2.6809","0","7607","thing","Seasons: Path of Destiny","2","4","60","60","60","2014","2,3,4","2,3","12+","Extensive use of text - massive conversion needed to be playable","","","","","","expansion","","","","","","","","","","","","","","",""
"Secret Hitler","188834","9","7","0","1","0","0","0","0","0","0","0","3","","Rols ocults","","","","119691304","7.24804","7.48415","1.7383","267","52340","thing","Secret Hitler","5","10","45","45","45","2016","6,7,8,9,10","8,10","14+","Some necessary text - easily memorized or small crib sheet","","","","","","standalone","","","","","","","","","","","","","","",""
"Secret Identity","347112","8","4","0","1","0","0","0","0","0","0","0","3","","Party","","","","114957805","6.16472","7.28701","1.1667","2375","2595","thing","Secret Identity","3","8","40","40","20","2022","4,5,6,7,8","6,7,8","10+","No necessary in-game text","","","","","","standalone","","","","","","","","","","","","","","",""
"The Secret Valley","307170","8","3","0","1","0","0","0","0","0","0","0","3","","Draft ocult","","","","110680960","5.78449","7.39637","1.64","5008","930","thing","The Secret Valley","2","4","40","40","30","2021","2,3,4","4","8+","Moderate in-game text - needs crib sheet or paste ups","","","","","","standalone","","","","","","","","","","","","","","",""
"Sekigahara: The Unification of Japan","25021","9.5","1","0","1","0","0","0","0","0","0","0","2","","Wargame","","","","76583761","7.30758","7.98371","2.802","234","11530","thing","Sekigahara: The Unification of Japan","2","2","180","180","180","2011","2","2","12+","No necessary in-game text","","","","","","standalone","","","","","","","","","","","","","","",""
"Set & Match","270847","8","4","0","1","0","0","0","0","0","0","0","3","","Flicking","","","","101038800","6.19837","7.33335","1.1395","2251","2782","thing","Set & Match","2","4","30","30","15","2017","2,4","2","8+","No necessary in-game text","","","","","","standalone","","","","","","","","","","","","","","",""
"Shadows in Kyoto","229741","8","4","0","1","0","0","0","0","0","0","0","3","","Moviment ocult","","","","81471939","5.92837","6.80526","2.0323","3668","3421","thing","Shadows in Kyoto","2","2","30","30","15","2017","2","2","10+","No necessary in-game text","","","","","","standalone","","","","","","","","","","","","","","",""
"Shikoku","250781","0","0","0","1","0","0","0","0","0","0","0","3","","","","","","79146340","5.65966","6.54529","1.8182","7278","952","thing","Shikoku","3","8","40","40","30","2018","4,5,6,7,8","5,6","","No necessary in-game text","","","","","","standalone","","","","","","","","","","","","","","",""
"SHŌBU","272380","9","8","0","1","0","0","0","0","0","0","0","3","","Abstracte","","","","90834905","6.43883","7.46508","1.8571","1489","4055","thing","SHŌBU","2","2","30","30","15","2019","2","2","8+","No necessary in-game text","","","","","","standalone","","","","","","","","","","","","","","",""
"Skull King","150145","8.5","6","0","1","0","0","0","0","0","0","0","3","","Basses","","","","106170496","7.21786","7.52858","1.726","287","34517","thing","Skull King","2","8","30","30","30","2013","3,4,5,6","4,5","8+","No necessary in-game text","","","","","","standalone","","","","","","","","","","","","","","",""
"Space Alert","38453","9","4","0","1","0","0","0","0","0","0","0","3","","Programació accions","","","","134830859","7.10576","7.37573","2.9699","390","24113","thing","Space Alert","1","5","30","30","30","2008","3,4,5","4,5","12+","Moderate in-game text - needs crib sheet or paste ups","","","","","","standalone","","","","","","","","","","","","","","",""
"Space Alert: The New Frontier","61492","0","0","0","1","0","0","0","0","0","0","0","3","","Programació accions","","","","135980885","6.43899","8.4176","3.3284","0","5612","thing","Space Alert: The New Frontier","1","5","30","30","30","2010","1,2,3,4,5","4,5","12+","Some necessary text - easily memorized or small crib sheet","","","","","","expansion","","","","","","","","","","","","","","",""
"SPELL","286363","0","0","0","1","0","0","0","0","0","0","0","3","","Pseudo-Abstracte","","","","96163133","5.64886","7.47262","2.3","7586","494","thing","SPELL","1","2","25","25","15","2020","2","2","10+","No necessary in-game text","","","","","","standalone","","","","","","","","","","","","","","",""
"Splendor Duel","364073","8.5","5","0","1","0","0","0","0","0","0","0","3","","Pseudo-Abstracte","","","","134906966","7.56376","7.8753","2.0326","111","39545","thing","Splendor Duel","2","2","30","30","30","2022","2","2","10+","No necessary in-game text","","","","","","standalone","","","","","","","","","","","","","","",""
"Splendor Duel: The Counterfeiters","462460","0","0","0","1","0","0","0","0","0","0","0","3","","","","","","147791807","5.59611","8.0246","2.3333","0","1193","thing","Splendor Duel: The Counterfeiters","2","2","30","30","30","2026","2","2","10+","","","","","","","expansion","","","","","","","","","","","","","","",""
"Sprawlopolis","251658","9","5","0","1","0","0","0","0","0","0","0","3","","Losetas","","","","79146250","6.96009","7.26106","1.7969","549","28659","thing","Sprawlopolis","1","4","20","20","15","2018","1,2","1","8+","Moderate in-game text - needs crib sheet or paste ups","","","","","","standalone","","","","","","","","","","","","","","",""
"Star Realms","147020","7.5","0","0","1","0","0","0","0","0","0","0","3","","Deck-building","","","","75939701","7.39818","7.55011","1.914","178","71850","thing","Star Realms","2","2","20","20","20","2014","2","2","8+","Some necessary text - easily memorized or small crib sheet","","","","","","standalone","","","","","","","","","","","","","","",""
"Stellar","293678","9","5","0","1","0","0","0","0","0","0","0","3","","Gestió de la mà","","","","109461394","6.24491","7.29929","2.1186","2067","4420","thing","Stellar","2","2","30","30","30","2020","2","2","10+","No necessary in-game text","","","","","","standalone","","","","","","","","","","","","","","",""
"Strange World Above the Clouds","425560","0","2","0","1","0","0","0","0","0","0","0","3","","","","","","146596453","5.91503","7.28414","1.9","3775","2021","thing","Strange World Above the Clouds","1","4","20","20","10","2024","1,2,3,4","3","8","No necessary in-game text","","","","","","standalone","","","","","","","","","","","","","","",""
"Strike","123570","9","24","0","1","0","0","0","0","0","0","0","3","","Party","","","","95242729","6.52508","6.99528","1.0226","1275","8877","thing","Strike","2","5","15","15","15","2012","2,3,4,5","4,5","6+","No necessary in-game text","","","","","","standalone","","","","","","","","","","","","","","",""
"Survive: Escape from Atlantis!","2653","8","1","0","1","0","0","0","0","0","0","0","3","","Punts d'acció","","","","110535245","7.10827","7.30618","1.693","385","41848","thing","Survive: Escape from Atlantis!","2","4","60","60","45","1982","3,4","4","8+","No necessary in-game text","","","","","","standalone","","","","","","","","","","","","","","",""
"Sushizock im Gockelwok","37400","7.5","6","0","1","0","0","0","0","0","0","0","3","","Push-your-luck","","","","101744783","6.03328","6.51677","1.2185","3023","4486","thing","Sushizock im Gockelwok","2","5","20","20","20","2008","2,3,4,5","4","8+","No necessary in-game text","","","","","","standalone","","","","","","","","","","","","","","",""
"Taj Mahal","475","8","1","0","1","0","0","0","0","0","0","0","3","","Subhastes","","","","136353706","6.8438","7.25221","2.8489","701","10216","thing","Taj Mahal","2","5","90","90","45","2000","3,4,5","4","12+","No necessary in-game text","","","","","","standalone","","","","","","","","","","","","","","",""
"Take a Seat","352485","8.5","6","0","1","0","0","0","0","0","0","0","3","","Roll and write","","","","95519656","5.70983","6.77249","2.25","6161","1366","thing","Take a Seat","1","6","30","30","20","2022","1,2,3,4,5,6","1,3,6","8+","No necessary in-game text","","","","","","standalone","","","","","","","","","","","","","","",""
"Tea, Scones, and Arsenic","340646","0","0","0","1","0","0","0","0","0","0","0","3","","Party","","","","111913086","5.52397","6.06382","1.3333","18372","309","thing","Tea, Scones, and Arsenic","1","6","30","30","15","2021","2,4","4","","","","","","","","standalone","","","","","","","","","","","","","","",""
"Terra de Castells","465134","0","0","0","1","0","0","0","0","0","0","0","3","","Control àrees","","","","142963575","0","8.2","0","0","13","thing","Terra de Castells","2","4","60","60","45","2026","","","","","","","","","","standalone","","","","","","","","","","","","","","",""
"Tholos","341753","8.5","4","0","1","0","0","0","0","0","0","0","3","","Abstracte","","","","137273281","5.76453","7.22316","1.8182","5273","832","thing","Tholos","2","2","25","25","15","2021","2","2","8+","No necessary in-game text","","","","","","standalone","","","","","","","","","","","","","","",""
"Tichu","215","9","6","0","1","0","0","0","0","0","0","0","3","","Climbing","","","","122481089","7.27437","7.57159","2.345","252","28053","thing","Tichu","3","10","90","90","30","2024","4","4","12+","No necessary in-game text","","","","","","standalone","","","","","","","","","","","","Maldito Games","Spanish","2024","Maldito Games Spanish edition"
"Ticket to Ride Map Collection 8: Iberia & South Korea","414268","8","3","0","1","0","0","0","0","0","0","0","3","","Pick-up and deliver","","","","140003953","5.91234","7.83881","2","0","2386","thing","Ticket to Ride Map Collection 8: Iberia & South Korea","2","5","60","60","30","2024","2,3,4,5","3","8+","","","","","","","expansion","","","","","","","","","","","","","","",""
"Ticket to Ride: Märklin","21348","9.5","3","0","1","0","0","0","0","0","0","0","3","","Pick-up and deliver","","","","87397538","6.99023","7.4077","2.2422","516","12249","thing","Ticket to Ride: Märklin","2","5","60","60","30","2006","2,3,4,5","4","8+","No necessary in-game text","","","","","","standalone","","","","","","","","","","","","","","",""
"Tides of Madness","195544","7","0","0","1","0","0","0","0","0","0","0","3","","Draft ocult","","","","75940102","6.2665","6.71219","1.4884","1997","9037","thing","Tides of Madness","2","2","20","20","20","2016","2","2","10+","Some necessary text - easily memorized or small crib sheet","","","","","","standalone","","","","","","","","","","","","","","",""
"Tier auf Tier: Jetzt geht's rund!","119464","7","3","0","1","0","0","0","0","0","0","0","3","","Habilitat","","","","110712612","5.60385","6.49519","1.25","9287","584","thing","Tier auf Tier: Jetzt geht's rund!","2","4","15","15","15","2012","2,3,4","4","5+","","","","","","","standalone","","","","","","","","","","","","","","",""
"Tigris & Euphrates","42","0","0","0","1","0","0","0","0","0","0","0","3","","Control àrees","","","","117610208","7.50512","7.70452","3.4754","132","32622","thing","Tigris & Euphrates","2","4","120","120","60","1997","2,3,4","4","12+","No necessary in-game text","","","","","","standalone","","","","","","","","","","","","","","",""
"Time's Up Express","462134","0","0","0","1","0","0","0","0","0","0","0","3","","","","","","147791823","0","7.14286","0","0","39","thing","Time's Up Express","4","9","30","30","30","2026","","","","","","","","","","standalone","","","","","","","","","","","","","","",""
"TimeBomb Deluxe","236217","8.5","9","0","1","0","0","0","0","0","0","0","3","","Rols ocults","","","","122897082","6.26283","7.13752","1.0702","2008","4223","thing","Time Bomb","4","8","30","30","1","2024","4,5,6,7,8","6","10+","No necessary in-game text","","","","","","standalone","","","","","","","","","","","","Primigenio","Spanish","2024","Spanish deluxe edition"
"Tiny Epic Dungeons","331787","8.5","7","0","1","0","0","0","0","0","0","0","3","","Dungeon crawler","","","","101295654","6.74112","7.43671","3.1136","853","17576","thing","Tiny Epic Dungeons","1","4","60","60","30","2021","1,2,3,4","1,2","12+","No necessary in-game text","","","","","","standalone","","","","","","","","","","","","","","",""
"Tower Up","393307","9","4","0","1","0","0","0","0","0","0","0","3","","Draft públic","","","","133719057","6.45178","7.33275","1.8415","1452","3882","thing","Tower Up","2","4","45","45","30","2024","2,3,4","3,4","8+","No necessary in-game text","","","","","","standalone","","","","","","","","","","","","","","",""
"Toy Battle","434654","8.5","14","0","1","0","0","0","0","0","0","0","3","","Tug-of-war","","","","132651107","7.19741","7.82878","1.4824","309","12753","thing","Toy Battle","2","2","15","15","15","2025","2","2","8+","No necessary in-game text","","","","","","standalone","","","","","","","","","","","","","","",""
"Tranquility","288513","7.5","5","0","1","0","0","0","0","0","0","0","3","","Gestió de la mà","","","","113653541","6.3775","6.9218","1.3551","1655","8252","thing","Tranquility","1","5","20","20","15","2020","1,2,3,4","2","8+","No necessary in-game text","","","","","","standalone","","","","","","","","","","","","","","",""
"Trek 12: Himalaya","303672","7","1","0","1","0","0","0","0","0","0","0","3","","Roll and write","","","","87226350","6.19928","6.77306","1.4384","2245","5637","thing","Trek 12: Himalaya","1","50","30","30","15","2020","1,2,3,4,5,6,7","4","8+","No necessary in-game text","","","","","","standalone","","","","","","","","","","","","","","",""
"Trekking","392064","7","1","0","1","0","0","0","0","0","0","0","3","","Punts d'acció","","","","129432514","5.53302","6.78857","2","16131","139","thing","Trekking","1","4","45","45","45","2024","1,2,3,4","1,2,3,4","10+","Some necessary text - easily memorized or small crib sheet","","","","","","standalone","","","","","","","","","","","","","","",""
"Triad","251722","8","5","0","1","0","0","0","0","0","0","0","3","","Abstracte","","","","111413359","5.5927","7.25414","2.7143","9897","165","thing","Triad","2","2","20","20","15","2018","2","2","8+","No necessary in-game text","","","","","","standalone","","","","","","","","","","","","","","",""
"Trio","352515","7.5","29","0","1","0","0","0","0","0","0","0","3","","Gestió de la mà","","","","124080381","7.02247","7.38737","1.0728","484","26047","thing","Trio","3","6","15","15","15","2021","3,4,5,6","4,5","6+","No necessary in-game text","","","","","","standalone","","","","","","","","","","","","","","",""
"Truffle Shuffle","298060","7","2","0","1","0","0","0","0","0","0","0","3","","Gestió de la mà","","","","125778574","6.04215","6.83737","1.4","2982","3659","thing","Truffle Shuffle","2","4","30","30","15","2020","2,3,4","2","8+","No necessary in-game text","","","","","","standalone","","","","","","","","","","","","","","",""
"Turn the Tide","1403","8","2","0","1","0","0","0","0","0","0","0","3","","Gestió de la mà","","","","100028699","6.37677","6.78878","1.5169","1656","7961","thing","Turn the Tide","3","5","30","30","30","1997","3,4,5","4,5","10+","No necessary in-game text","","","","","","standalone","","","","","","","","","","","","","","",""
"Tzolk'in: The Mayan Calendar","126163","9.5","3","0","1","0","0","0","0","0","0","0","3","","Col·locació treballadors","","","","122267828","7.68085","7.84447","3.6626","76","50735","thing","Tzolk'in: The Mayan Calendar","2","4","90","90","90","2012","2,3,4","4","12+","No necessary in-game text","","","","","","standalone","","","","","","","","","","","","","","",""
"Tzolk'in: The Mayan Calendar – Tribes & Prophecies","143065","9","0","0","1","0","0","0","0","0","0","0","3","","Col·locació treballadors","","","","122481064","7.1688","8.1133","3.6129","0","14762","thing","Tzolk'in: The Mayan Calendar – Tribes & Prophecies","2","5","90","90","90","2013","2,3,4,5","4","12+","Some necessary text - easily memorized or small crib sheet","","","","","","expansion","","","","","","","","","","","","","","",""
"Unánimo","12157","8","27","0","1","0","0","0","0","0","0","0","3","","Party","","","","106190901","5.99508","7.07219","1.1515","3231","2294","thing","Unanimo","3","8","30","30","30","2021","4,5,6,7,8","6,7,8","8+","Some necessary text - easily memorized or small crib sheet","","","","","","standalone","","","","","","","","","","","","Brain Picnic; Zacatrus","Spanish","2021","Zacatrus Spanish edition"
"Under Falling Skies","306735","7.5","3","0","1","0","0","0","0","0","0","0","3","","Selecció de daus","","","","82083360","7.2491","7.59092","2.3915","264","30810","thing","Under Falling Skies","1","1","40","40","20","2020","1","1","10+","Moderate in-game text - needs crib sheet or paste ups","","","","","","standalone","","","","","","","","","","","","","","",""
"Unearth","217085","6.5","0","0","1","0","0","0","0","0","0","0","3","","Losetas","","","","75940135","6.35865","6.80991","1.936","1700","10598","thing","Unearth","2","4","60","60","30","2017","2,3,4","3","8+","Some necessary text - easily memorized or small crib sheet","","","","","","standalone","","","","","","","","","","","","","","",""
"Unmatched Adventures: Tales to Amaze","381297","9","9","0","1","0","0","0","0","0","0","0","3","","Miniatures","","","","124943749","7.00933","7.93125","2.3205","498","12535","thing","Unmatched Adventures: Tales to Amaze","1","4","60","60","20","2023","1,2,3,4","2","10+","Extensive use of text - massive conversion needed to be playable","","","","","","standalone","","","","","","","","","","","","","","",""
"Unmatched Game System","295564","9","21","0","1","0","0","0","0","0","0","0","3","","Miniatures","","","","125936407","6.9564","8.21589","1.9333","554","3161","thing","Unmatched Game System","2","4","40","40","20","2019","2,4","2","8+","Moderate in-game text - needs crib sheet or paste ups","","","","","","standalone","","","","","","","","","","","","","","",""
"Unmatched: Battle of Legends, Volume One","274637","8","1","0","1","0","0","0","0","0","0","0","3","","Miniatures","","","","124943763","7.21284","7.6773","1.9563","293","21936","thing","Unmatched: Battle of Legends, Volume One","2","4","40","40","20","2019","2,4","2","10+","Moderate in-game text - needs crib sheet or paste ups","","","","","","standalone","","","","","","","","","","","","","","",""
"Unmatched: Battle of Legends, Volume Three","439765","0","0","0","1","0","0","0","0","0","0","0","3","","Miniatures","","","","137075112","6.03185","8.52055","2.4","3033","2746","thing","Unmatched: Battle of Legends, Volume Three","2","4","40","40","20","2025","2","2","8+","Moderate in-game text - needs crib sheet or paste ups","","","","","","standalone","","","","","","","","","","","","","","",""
"Unmatched: Brains and Brawn","383467","8.5","2","0","1","0","0","0","0","0","0","0","3","","Miniatures","","","","124194061","6.29789","8.25791","2.1818","1895","4817","thing","Unmatched: Brains and Brawn","2","3","40","40","20","2023","2,3","2","10+","Extensive use of text - massive conversion needed to be playable","","","","","","standalone","","","","","","","","","","","","","","",""
"Unmatched: Buffy the Vampire Slayer","315060","7.5","7","0","1","0","0","0","0","0","0","0","3","","Miniatures","","","","88635979","6.16181","7.52071","2.0769","2390","4221","thing","Unmatched: Buffy the Vampire Slayer","2","4","40","40","20","2020","2,3,4","2","10+","Extensive use of text - massive conversion needed to be playable","","","","","","standalone","","","","","","","","","","","","","","",""
"Unmatched: Cobble & Fog","294484","8","8","0","1","0","0","0","0","0","0","0","3","","Miniatures","","","","94211820","7.37146","7.91965","1.9662","192","22591","thing","Unmatched: Cobble & Fog","2","4","40","40","20","2020","2,4","2","10+","Moderate in-game text - needs crib sheet or paste ups","","","","","","standalone","","","","","","","","","","","","","","",""
"Unmatched: For King and Country","326937","8","0","0","1","0","0","0","0","0","0","0","3","","Miniatures","","","","143770578","6.20221","8.17815","2.5714","2234","4389","thing","Unmatched: For King and Country","2","3","40","40","20","2023","2,3","2","12","Extensive use of text - massive conversion needed to be playable","","","","","","standalone","","","","","","","","","","","","","","",""
"Unmatched: Hell's Kitchen","326934","8.5","0","0","1","0","0","0","0","0","0","0","3","","Miniatures","","","","141801449","6.46676","8.19144","2.2308","1411","5958","thing","Unmatched: Hell's Kitchen","2","3","40","40","20","2022","2,3","2","12+","Moderate in-game text - needs crib sheet or paste ups","","","","","","standalone","","","","","","","","","","","","","","",""
"Unmatched: Houdini vs. The Genie","354544","8","0","0","1","0","0","0","0","0","0","0","3","","Miniatures","","","","139362820","6.67489","8.19575","2.2581","961","7901","thing","Unmatched: Houdini vs. The Genie","2","2","20","20","20","2022","2","2","10+","Moderate in-game text - needs crib sheet or paste ups","","","","","","standalone","","","","","","","","","","","","","","",""
"Unmatched: Robin Hood vs. Bigfoot","274638","8","0","0","1","0","0","0","0","0","0","0","3","","Miniatures","","","","125750667","7.06803","7.89711","1.9394","428","13577","thing","Unmatched: Robin Hood vs. Bigfoot","2","2","20","20","20","2019","2","2","10+","Moderate in-game text - needs crib sheet or paste ups","","","","","","standalone","","","","","","","","","","","","","","",""
"Unmatched: Slings and Arrows","415945","9","1","0","1","0","0","0","0","0","0","0","3","","Miniatures","","","","136822910","6.42117","8.36848","2.4167","1532","5017","thing","Unmatched: Slings and Arrows","2","4","40","40","20","2024","2,4","2,4","8+","Extensive use of text - massive conversion needed to be playable","","","","","","standalone","","","","","","","","","","","","","","",""
"Unmatched: Sun's Origin","383469","8","0","0","1","0","0","0","0","0","0","0","3","","Miniatures","","","","139362828","6.32148","8.24792","2","1802","4620","thing","Unmatched: Sun's Origin","2","2","40","40","20","2024","2","2","8+","","","","","","","standalone","","","","","","","","","","","","","","",""
"Unmatched: The Witcher – Realms Fall","411861","9","2","0","1","0","0","0","0","0","0","0","3","","Miniatures","","","","136738196","6.07408","8.46787","2.375","2807","3228","thing","Unmatched: The Witcher – Realms Fall","2","3","40","40","20","2025","2","2","8+","Moderate in-game text - needs crib sheet or paste ups","","","","","","standalone","","","","","","","","","","","","","","",""
"Unmatched: The Witcher – Steel and Silver","411860","9","2","0","1","0","0","0","0","0","0","0","3","","Miniatures","","","","123809480","6.16879","8.37436","2.2857","2363","3743","thing","Unmatched: The Witcher – Steel and Silver","2","3","40","40","20","2025","2,3","2","8+","","","","","","","standalone","","","","","","","","","","","","","","",""
"The Voynich Puzzle","439983","0","1","0","1","0","0","0","0","0","0","0","3","","Selecció d'accions","","","","137392344","5.91642","7.28133","3.8718","3760","1894","thing","The Voynich Puzzle","1","4","120","120","90","2025","2,3,4","3","14+","No necessary in-game text","","","","","","standalone","","","","","","","","","","","","","","",""
"War Chest","249259","8.5","1","0","1","0","0","0","0","0","0","0","3","","Pseudo-Abstracte","","","","112459053","7.38804","7.81826","2.3162","183","18577","thing","War Chest","2","4","30","30","30","2018","2,4","2","10+","Some necessary text - easily memorized or small crib sheet","","","","","","standalone","","","","","","","","","","","","","","",""
"War of the Ring: Second Edition","115746","9.5","1","0","1","0","0","0","0","0","0","0","3","","Pseudo-wargame","","","","75949395","8.20072","8.55423","4.2278","8","41995","thing","War of the Ring: Second Edition","2","4","240","240","150","2011","2","2","14+","Extensive use of text - massive conversion needed to be playable","","","","","","standalone","","","","","","","","","","","","","","",""
"Waterfall Park","396618","8","1","0","1","0","0","0","0","0","0","0","3","","Negociació","","","","127065601","6.01362","7.02764","1.913","3119","3049","thing","Waterfall Park","3","5","45","45","45","2023","4,5","5","8+","No necessary in-game text","","","","","","standalone","","","","","","","","","","","","","","",""
"Wavelength","262543","9","6","0","1","0","0","0","0","0","0","0","3","","Party","","","","79386849","6.9734","7.19177","1.1051","536","33927","thing","Wavelength","2","12","45","45","30","2019","4,5,6,7,8,9,10,11,12","6,8","10+","Moderate in-game text - needs crib sheet or paste ups","","","","","","standalone","","","","","","","","","","","","","","",""
"The White Castle","371942","9","6","0","1","0","0","0","0","0","0","0","3","","Col·locació de daus","","","","117141632","7.69362","7.97865","3.0612","72","41408","thing","The White Castle","1","4","80","80","80","2023","1,2,3,4","3","12+","No necessary in-game text","","","","","","standalone","","","","","","","","","","","","","","",""
"The White Castle: Matcha","420321","0","0","0","1","0","0","0","0","0","0","0","3","","Col·locació de daus","","","","119026910","6.90702","8.37308","3.2931","0","11352","thing","The White Castle: Matcha","1","4","110","110","90","2024","1,2,3,4","2,3","10+","No necessary in-game text","","","","","","expansion","","","","","","","","","","","","","","",""
"Wild Space","298371","8","8","2","1","0","0","0","0","0","0","0","3","","Gestió de la mà","","","","99355533","6.44141","7.13311","2.0918","1481","6588","thing","Wild Space","1","5","40","40","15","2020","1,2,3,4","2,3","10+","No necessary in-game text","","","","","","standalone","","","","","","","","","","","","","","",""
"Wild Space: Encounters","329006","8","0","0","1","0","0","0","0","0","0","0","3","","Gestió de la mà","","","","131590007","5.6644","7.56439","2.5","0","994","thing","Wild Space: Encounters","1","5","40","40","15","2021","2,3","3","10+","No necessary in-game text","","","","","","expansion","","","","","","","","","","","","","","",""
"Wild Space: Space Base","318352","6.5","0","0","1","0","0","0","0","0","0","0","3","","Gestió de la mà","","","","131898414","5.55187","7.56818","2","0","269","thing","Wild Space: Space Base","1","5","40","40","15","2020","1,2,3,4","1,3","10+","No necessary in-game text","","","","","","expansion","","","","","","","","","","","","","","",""
"Wingspan","266192","8.5","6","0","1","0","0","0","0","0","0","0","2","","Construcció de motor","","","","75940225","7.84296","7.99626","2.4806","38","183600","thing","Wingspan","1","5","70","70","40","2019","1,2,3,4","3","10+","Extensive use of text - massive conversion needed to be playable","","","","","","standalone","","","","","","","","","","","","","","",""
"Wingspan Asia","366161","8.5","4","0","1","0","0","0","0","0","0","0","3","","Construcció de motor","","","","98426556","7.63782","8.21454","2.6575","89","35724","thing","Wingspan Asia","1","2","70","70","40","2022","1,2","2","10+","Extensive use of text - massive conversion needed to be playable","","","","","","standalone","","","","","","","","","","","","","","",""
"Wingspan: Americas Expansion","461932","0","0","0","1","0","0","0","0","0","0","0","3","","Construcció de motor","","","","144241524","6.28582","8.44792","2.625","0","6607","thing","Wingspan: Americas Expansion","1","5","90","90","75","2026","1,2,3,4","2","10+","Extensive use of text - massive conversion needed to be playable","","","","","","expansion","","","","","","","","","","","","","","",""
"Wingspan: European Expansion","290448","8","0","0","1","0","0","0","0","0","0","0","3","","Construcció de motor","","","","82848498","7.92254","8.32381","2.434","0","62803","thing","Wingspan: European Expansion","1","5","70","70","40","2019","1,2,3,4,5","3","10+","Extensive use of text - massive conversion needed to be playable","","","","","","expansion","","","","","","","","","","","","","","",""
"Wingspan: Oceania Expansion","300580","9","0","0","1","0","0","0","0","0","0","0","3","","Construcció de motor","","","","79321307","7.9235","8.44865","2.6667","0","51587","thing","Wingspan: Oceania Expansion","1","5","70","70","40","2020","1,2,3,4,5","3","10+","Extensive use of text - massive conversion needed to be playable","","","","","","expansion","","","","","","","","","","","","","","",""
"Winston: Nineteen Eighty-Four","421496","7.5","4","0","1","0","0","0","0","0","0","0","3","","Gestió de daus","","","","121091780","5.54795","7.03242","2.2222","13659","193","thing","Winston: Nineteen Eighty-Four","1","1","15","15","15","2024","1","1","12+","No necessary in-game text","","","","","","standalone","","","","","","","","","","","","","","",""
"Wir sind das Volk!","165401","9","2","0","1","0","0","0","0","0","0","0","3","","Wargame","","","","99260852","6.71525","7.75675","3.7391","895","4915","thing","Wir sind das Volk!","2","2","150","150","60","2014","2","2","14+","No necessary in-game text","","","","","","standalone","","","","","","","","","","","","","","",""
"Witchcraft!","383499","9","8","0","1","0","0","0","0","0","0","0","3","","Deck-building","","","","105325323","6.56852","7.61126","2.4306","1173","7777","thing","Witchcraft!","1","1","40","40","20","2023","1","1","12+","Moderate in-game text - needs crib sheet or paste ups","","","","","","standalone","","","","","","","","","","","","","","",""
"Witchstone","318560","8","3","0","1","0","0","0","0","0","0","0","3","","Selecció d'accions","","","","90002670","6.7426","7.48609","2.7724","848","7713","thing","Witchstone","2","4","90","90","60","2021","2,3,4","3","12+","No necessary in-game text","","","","","","standalone","","","","","","","","","","","","","","",""
"Witchstone: Full Moon","353890","0","0","0","1","0","0","0","0","0","0","0","3","","","","","","141411738","5.60794","7.04235","3","0","1637","thing","Witchstone: Full Moon","2","4","90","90","60","2023","","","","No necessary in-game text","","","","","","expansion","","","","","","","","","","","","","","",""
"Yokai Pagoda","394127","8","5","0","1","0","0","0","0","0","0","0","3","","Gestió de mà","","","","117770170","6.09093","7.49986","1.52","2718","2307","thing","Yokai Pagoda","2","5","15","15","10","2023","2,3,4,5","2,3","8+","No necessary in-game text","","","","","","standalone","","","","","","","","","","","","","","",""
"Zooloretto","27588","8","3","0","1","0","0","0","0","0","0","0","3","","Push-your-luck","","","","111361197","6.58371","6.78298","1.8564","1137","20492","thing","Zooloretto","2","5","45","45","45","2007","2,3,4,5","4","6+","No necessary in-game text","","","","","","standalone","","","","","","","","","","","","","","",""
